1999/2000,ABORIGINAL,5,35,65.4
1999/2000,NON ABORIGINAL,5,639,86.8
2000/2001,ABORIGINAL,5,44,59.3
2000/2001,NON ABORIGINAL,5,632,89.1
2001/2002,ABORIGINAL,5,60,64.5
2001/2002,NON ABORIGINAL,5,638,88.7
2002/2003,ABORIGINAL,5,67,50
2002/2003,NON ABORIGINAL,5,637,87.4
2003/2004,ABORIGINAL,5,64,67.2
2003/2004,NON ABORIGINAL,5,631,92
2004/2005,ABORIGINAL,5,70,56.8
2004/2005,NON ABORIGINAL,5,581,91.4
2005/2006,ABORIGINAL,5,79,65.8
2005/2006,NON ABORIGINAL,5,568,88.6
2006/2007,ABORIGINAL,5,90,67.7
2006/2007,NON ABORIGINAL,5,537,83.8
2007/2008,ABORIGINAL,5,81,61.1
2007/2008,NON ABORIGINAL,5,513,87.9
2008/2009,ABORIGINAL,5,83,68.6
2008/2009,NON ABORIGINAL,5,554,75
2009/2010,ABORIGINAL,5,80,67.3
2009/2010,NON ABORIGINAL,5,548,82.8
2010/2011,ABORIGINAL,5,91,55.9
2010/2011,NON ABORIGINAL,5,503,78.4
2011/2012,ABORIGINAL,5,77,56.7
2011/2012,NON ABORIGINAL,5,501,80
2012/2013,ABORIGINAL,5,105,73.8
2012/2013,NON ABORIGINAL,5,502,80.6
2013/2014,ABORIGINAL,5,81,74.6
2013/2014,NON ABORIGINAL,5,476,78.2
2014/2015,ABORIGINAL,5,80,75.8
2014/2015,NON ABORIGINAL,5,479,77.6
1999/2000,ABORIGINAL,6,23,56.5
1999/2000,NON ABORIGINAL,6,408,76.6
2000/2001,ABORIGINAL,6,38,70.5
2000/2001,NON ABORIGINAL,6,427,72.9
2001/2002,ABORIGINAL,6,40,70.5
2001/2002,NON ABORIGINAL,6,414,82.5
2002/2003,ABORIGINAL,6,45,57.8
2002/2003,NON ABORIGINAL,6,372,87.2
2003/2004,ABORIGINAL,6,41,85.3
2003/2004,NON ABORIGINAL,6,376,84.8
2004/2005,ABORIGINAL,6,47,69.7
2004/2005,NON ABORIGINAL,6,337,86.1
2005/2006,ABORIGINAL,6,56,75.4
2005/2006,NON ABORIGINAL,6,308,86.3
2006/2007,ABORIGINAL,6,66,75.7
2006/2007,NON ABORIGINAL,6,310,83.4
2007/2008,ABORIGINAL,6,55,55.4
2007/2008,NON ABORIGINAL,6,320,91
2008/2009,ABORIGINAL,6,60,64.3
2008/2009,NON ABORIGINAL,6,302,80.8
2009/2010,ABORIGINAL,6,64,55.7
2009/2010,NON ABORIGINAL,6,323,84
2010/2011,ABORIGINAL,6,52,75.9
2010/2011,NON ABORIGINAL,6,316,82.2
2011/2012,ABORIGINAL,6,56,76.1
2011/2012,NON ABORIGINAL,6,292,79.3
2012/2013,ABORIGINAL,6,61,75.2
2012/2013,NON ABORIGINAL,6,337,76.7
2013/2014,ABORIGINAL,6,52,63.4
2013/2014,NON ABORIGINAL,6,268,82.3
2014/2015,ABORIGINAL,6,46,75.9
2014/2015,NON ABORIGINAL,6,277,76.3
1999/2000,ABORIGINAL,8,31,36.2
1999/2000,NON ABORIGINAL,8,554,82.4
2000/2001,ABORIGINAL,8,36,70
2000/2001,NON ABORIGINAL,8,577,81
2001/2002,ABORIGINAL,8,49,59.4
2001/2002,NON ABORIGINAL,8,558,83.9
2002/2003,ABORIGINAL,8,40,68.9
2002/2003,NON ABORIGINAL,8,611,87.8
2003/2004,ABORIGINAL,8,45,68.1
2003/2004,NON ABORIGINAL,8,584,84.5
2004/2005,ABORIGINAL,8,53,60.2
2004/2005,NON ABORIGINAL,8,587,82.5
2005/2006,ABORIGINAL,8,60,64
2005/2006,NON ABORIGINAL,8,580,85.5
2006/2007,ABORIGINAL,8,68,63.1
2006/2007,NON ABORIGINAL,8,544,82.4
2007/2008,ABORIGINAL,8,76,59.2
2007/2008,NON ABORIGINAL,8,556,77.7
2008/2009,ABORIGINAL,8,64,50.3
2008/2009,NON ABORIGINAL,8,576,80.8
2009/2010,ABORIGINAL,8,77,59.7
2009/2010,NON ABORIGINAL,8,572,75.9
2010/2011,ABORIGINAL,8,70,70.1
2010/2011,NON ABORIGINAL,8,497,76.8
2011/2012,ABORIGINAL,8,89,78.4
2011/2012,NON ABORIGINAL,8,448,78.5
2012/2013,ABORIGINAL,8,70,60
2012/2013,NON ABORIGINAL,8,488,77.1
2013/2014,ABORIGINAL,8,76,66.6
2013/2014,NON ABORIGINAL,8,446,78.3
2014/2015,ABORIGINAL,8,74,65.1
2014/2015,NON ABORIGINAL,8,407,79.9
1999/2000,ABORIGINAL,10,-99999999,-99999999
1999/2000,NON ABORIGINAL,10,74,79.7
2000/2001,ABORIGINAL,10,-99999999,-99999999
2000/2001,NON ABORIGINAL,10,83,68.5
2001/2002,ABORIGINAL,10,-99999999,-99999999
2001/2002,NON ABORIGINAL,10,66,85.9
2002/2003,ABORIGINAL,10,-99999999,-99999999
2002/2003,NON ABORIGINAL,10,74,82.9
2003/2004,ABORIGINAL,10,-99999999,-99999999
2003/2004,NON ABORIGINAL,10,60,77.1
2004/2005,ABORIGINAL,10,-99999999,-99999999
2004/2005,NON ABORIGINAL,10,45,80.9
2005/2006,ABORIGINAL,10,-99999999,-99999999
2005/2006,NON ABORIGINAL,10,59,89.4
2006/2007,ABORIGINAL,10,-99999999,-99999999
2006/2007,NON ABORIGINAL,10,57,88.6
2007/2008,ABORIGINAL,10,-99999999,-99999999
2007/2008,NON ABORIGINAL,10,39,72.1
2008/2009,ABORIGINAL,10,15,76
2008/2009,NON ABORIGINAL,10,55,86.8
2009/2010,ABORIGINAL,10,-99999999,-99999999
2009/2010,NON ABORIGINAL,10,53,85.7
2010/2011,ABORIGINAL,10,-99999999,-99999999
2010/2011,NON ABORIGINAL,10,49,97.2
2011/2012,ABORIGINAL,10,-99999999,-99999999
2011/2012,NON ABORIGINAL,10,60,92.2
2012/2013,ABORIGINAL,10,-99999999,-99999999
2012/2013,NON ABORIGINAL,10,51,83.5
2013/2014,ABORIGINAL,10,10,60.9
2013/2014,NON ABORIGINAL,10,46,96.3
2014/2015,ABORIGINAL,10,-99999999,-99999999
2014/2015,NON ABORIGINAL,10,37,96.5
1999/2000,ABORIGINAL,19,10,57.5
1999/2000,NON ABORIGINAL,19,125,77.2
2000/2001,ABORIGINAL,19,-99999999,-99999999
2000/2001,NON ABORIGINAL,19,145,77.5
2001/2002,ABORIGINAL,19,-99999999,-99999999
2001/2002,NON ABORIGINAL,19,133,91
2002/2003,ABORIGINAL,19,12,75.4
2002/2003,NON ABORIGINAL,19,130,89.8
2003/2004,ABORIGINAL,19,17,51.5
2003/2004,NON ABORIGINAL,19,120,83.1
2004/2005,ABORIGINAL,19,12,74.1
2004/2005,NON ABORIGINAL,19,119,86.7
2005/2006,ABORIGINAL,19,18,52.1
2005/2006,NON ABORIGINAL,19,98,89.2
2006/2007,ABORIGINAL,19,19,63.2
2006/2007,NON ABORIGINAL,19,130,85.6
2007/2008,ABORIGINAL,19,22,66.1
2007/2008,NON ABORIGINAL,19,109,83.2
2008/2009,ABORIGINAL,19,19,53.1
2008/2009,NON ABORIGINAL,19,101,94.9
2009/2010,ABORIGINAL,19,13,82.3
2009/2010,NON ABORIGINAL,19,97,99.9
2010/2011,ABORIGINAL,19,-99999999,-99999999
2010/2011,NON ABORIGINAL,19,96,89.8
2011/2012,ABORIGINAL,19,13,61
2011/2012,NON ABORIGINAL,19,79,92.9
2012/2013,ABORIGINAL,19,10,80
2012/2013,NON ABORIGINAL,19,93,91.2
2013/2014,ABORIGINAL,19,14,79.2
2013/2014,NON ABORIGINAL,19,95,87.1
2014/2015,ABORIGINAL,19,13,76.2
2014/2015,NON ABORIGINAL,19,81,92.8
1999/2000,ABORIGINAL,20,25,58.7
1999/2000,NON ABORIGINAL,20,523,82.1
2000/2001,ABORIGINAL,20,26,55.2
2000/2001,NON ABORIGINAL,20,536,83.9
2001/2002,ABORIGINAL,20,22,35.7
2001/2002,NON ABORIGINAL,20,557,86.6
2002/2003,ABORIGINAL,20,21,79.5
2002/2003,NON ABORIGINAL,20,491,90.6
2003/2004,ABORIGINAL,20,38,87.4
2003/2004,NON ABORIGINAL,20,500,87.4
2004/2005,ABORIGINAL,20,39,74
2004/2005,NON ABORIGINAL,20,441,87.7
2005/2006,ABORIGINAL,20,50,72.2
2005/2006,NON ABORIGINAL,20,410,85.9
2006/2007,ABORIGINAL,20,39,73.1
2006/2007,NON ABORIGINAL,20,443,83
2007/2008,ABORIGINAL,20,45,57.3
2007/2008,NON ABORIGINAL,20,416,81
2008/2009,ABORIGINAL,20,51,73.6
2008/2009,NON ABORIGINAL,20,420,83.9
2009/2010,ABORIGINAL,20,58,65.2
2009/2010,NON ABORIGINAL,20,410,86.5
2010/2011,ABORIGINAL,20,56,55.3
2010/2011,NON ABORIGINAL,20,407,83.5
2011/2012,ABORIGINAL,20,37,49.6
2011/2012,NON ABORIGINAL,20,369,80.1
2012/2013,ABORIGINAL,20,46,72.3
2012/2013,NON ABORIGINAL,20,365,85.4
2013/2014,ABORIGINAL,20,34,61.4
2013/2014,NON ABORIGINAL,20,360,82.3
2014/2015,ABORIGINAL,20,48,81.3
2014/2015,NON ABORIGINAL,20,321,82
1999/2000,ABORIGINAL,22,98,41.6
1999/2000,NON ABORIGINAL,22,827,82.4
2000/2001,ABORIGINAL,22,69,50.7
2000/2001,NON ABORIGINAL,22,877,84.5
2001/2002,ABORIGINAL,22,73,53.9
2001/2002,NON ABORIGINAL,22,868,83.4
2002/2003,ABORIGINAL,22,92,61.4
2002/2003,NON ABORIGINAL,22,880,88.7
2003/2004,ABORIGINAL,22,77,53.9
2003/2004,NON ABORIGINAL,22,856,84.5
2004/2005,ABORIGINAL,22,96,59.1
2004/2005,NON ABORIGINAL,22,797,86.8
2005/2006,ABORIGINAL,22,106,60.1
2005/2006,NON ABORIGINAL,22,820,82.9
2006/2007,ABORIGINAL,22,97,56.2
2006/2007,NON ABORIGINAL,22,849,81.6
2007/2008,ABORIGINAL,22,109,58.5
2007/2008,NON ABORIGINAL,22,799,80.2
2008/2009,ABORIGINAL,22,114,63.8
2008/2009,NON ABORIGINAL,22,849,80.2
2009/2010,ABORIGINAL,22,126,61.6
2009/2010,NON ABORIGINAL,22,855,80.9
2010/2011,ABORIGINAL,22,116,61.1
2010/2011,NON ABORIGINAL,22,806,81.9
2011/2012,ABORIGINAL,22,106,61.1
2011/2012,NON ABORIGINAL,22,802,84.7
2012/2013,ABORIGINAL,22,112,67.6
2012/2013,NON ABORIGINAL,22,800,82.5
2013/2014,ABORIGINAL,22,129,70.9
2013/2014,NON ABORIGINAL,22,756,86
2014/2015,ABORIGINAL,22,98,72.4
2014/2015,NON ABORIGINAL,22,731,79.4
1999/2000,ABORIGINAL,23,116,32
1999/2000,NON ABORIGINAL,23,1798,75.8
2000/2001,ABORIGINAL,23,113,36.8
2000/2001,NON ABORIGINAL,23,1867,77.4
2001/2002,ABORIGINAL,23,178,49.8
2001/2002,NON ABORIGINAL,23,1889,76.6
2002/2003,ABORIGINAL,23,140,44.4
2002/2003,NON ABORIGINAL,23,1886,78
2003/2004,ABORIGINAL,23,162,46.9
2003/2004,NON ABORIGINAL,23,2001,78.8
2004/2005,ABORIGINAL,23,162,49.2
2004/2005,NON ABORIGINAL,23,1802,78.5
2005/2006,ABORIGINAL,23,148,52
2005/2006,NON ABORIGINAL,23,1897,79.5
2006/2007,ABORIGINAL,23,173,58.8
2006/2007,NON ABORIGINAL,23,1914,82.4
2007/2008,ABORIGINAL,23,178,59.8
2007/2008,NON ABORIGINAL,23,1943,84.2
2008/2009,ABORIGINAL,23,187,55.3
2008/2009,NON ABORIGINAL,23,1969,85.5
2009/2010,ABORIGINAL,23,225,60
2009/2010,NON ABORIGINAL,23,1865,87.6
2010/2011,ABORIGINAL,23,238,60.9
2010/2011,NON ABORIGINAL,23,1921,89.3
2011/2012,ABORIGINAL,23,228,68.9
2011/2012,NON ABORIGINAL,23,1886,88.6
2012/2013,ABORIGINAL,23,239,66
2012/2013,NON ABORIGINAL,23,1933,88.1
2013/2014,ABORIGINAL,23,260,72.9
2013/2014,NON ABORIGINAL,23,1910,90.4
2014/2015,ABORIGINAL,23,244,74.8
2014/2015,NON ABORIGINAL,23,1942,85.9
1999/2000,ABORIGINAL,27,132,36.7
1999/2000,NON ABORIGINAL,27,557,70.7
2000/2001,ABORIGINAL,27,134,29.8
2000/2001,NON ABORIGINAL,27,576,72.2
2001/2002,ABORIGINAL,27,151,29.8
2001/2002,NON ABORIGINAL,27,582,73.9
2002/2003,ABORIGINAL,27,141,37.1
2002/2003,NON ABORIGINAL,27,574,73.2
2003/2004,ABORIGINAL,27,163,32.6
2003/2004,NON ABORIGINAL,27,514,75.6
2004/2005,ABORIGINAL,27,148,36.1
2004/2005,NON ABORIGINAL,27,478,78.6
2005/2006,ABORIGINAL,27,173,33
2005/2006,NON ABORIGINAL,27,472,77.7
2006/2007,ABORIGINAL,27,178,31.1
2006/2007,NON ABORIGINAL,27,481,72.8
2007/2008,ABORIGINAL,27,178,41.5
2007/2008,NON ABORIGINAL,27,437,75.4
2008/2009,ABORIGINAL,27,176,32.9
2008/2009,NON ABORIGINAL,27,412,76.9
2009/2010,ABORIGINAL,27,165,42
2009/2010,NON ABORIGINAL,27,399,74.8
2010/2011,ABORIGINAL,27,149,38.3
2010/2011,NON ABORIGINAL,27,415,78
2011/2012,ABORIGINAL,27,173,43.4
2011/2012,NON ABORIGINAL,27,327,76.1
2012/2013,ABORIGINAL,27,148,44.2
2012/2013,NON ABORIGINAL,27,367,79.8
2013/2014,ABORIGINAL,27,152,65.9
2013/2014,NON ABORIGINAL,27,315,87.9
2014/2015,ABORIGINAL,27,142,61.6
2014/2015,NON ABORIGINAL,27,336,86.9
1999/2000,ABORIGINAL,28,68,22.6
1999/2000,NON ABORIGINAL,28,374,70.2
2000/2001,ABORIGINAL,28,66,34.7
2000/2001,NON ABORIGINAL,28,385,73.7
2001/2002,ABORIGINAL,28,77,44.1
2001/2002,NON ABORIGINAL,28,383,75.5
2002/2003,ABORIGINAL,28,76,38.2
2002/2003,NON ABORIGINAL,28,394,78.1
2003/2004,ABORIGINAL,28,88,53.2
2003/2004,NON ABORIGINAL,28,332,73.8
2004/2005,ABORIGINAL,28,77,46.7
2004/2005,NON ABORIGINAL,28,343,76.1
2005/2006,ABORIGINAL,28,102,47.1
2005/2006,NON ABORIGINAL,28,305,80.4
2006/2007,ABORIGINAL,28,84,53.3
2006/2007,NON ABORIGINAL,28,276,81.6
2007/2008,ABORIGINAL,28,97,56.7
2007/2008,NON ABORIGINAL,28,307,79.1
2008/2009,ABORIGINAL,28,90,54.5
2008/2009,NON ABORIGINAL,28,293,84.3
2009/2010,ABORIGINAL,28,90,60.7
2009/2010,NON ABORIGINAL,28,268,83.9
2010/2011,ABORIGINAL,28,79,52.9
2010/2011,NON ABORIGINAL,28,290,91
2011/2012,ABORIGINAL,28,103,66.1
2011/2012,NON ABORIGINAL,28,267,83.5
2012/2013,ABORIGINAL,28,84,56
2012/2013,NON ABORIGINAL,28,266,85.9
2013/2014,ABORIGINAL,28,85,62.5
2013/2014,NON ABORIGINAL,28,258,83.5
2014/2015,ABORIGINAL,28,98,63.3
2014/2015,NON ABORIGINAL,28,255,84.4
1999/2000,ABORIGINAL,33,110,36.7
1999/2000,NON ABORIGINAL,33,767,69.9
2000/2001,ABORIGINAL,33,106,38.1
2000/2001,NON ABORIGINAL,33,874,74.9
2001/2002,ABORIGINAL,33,117,35.3
2001/2002,NON ABORIGINAL,33,847,77
2002/2003,ABORIGINAL,33,136,40.7
2002/2003,NON ABORIGINAL,33,880,76.7
2003/2004,ABORIGINAL,33,156,41.5
2003/2004,NON ABORIGINAL,33,908,78
2004/2005,ABORIGINAL,33,159,47.8
2004/2005,NON ABORIGINAL,33,896,73.1
2005/2006,ABORIGINAL,33,162,46.3
2005/2006,NON ABORIGINAL,33,901,73.4
2006/2007,ABORIGINAL,33,141,49.6
2006/2007,NON ABORIGINAL,33,939,75.2
2007/2008,ABORIGINAL,33,173,49.3
2007/2008,NON ABORIGINAL,33,1007,71.1
2008/2009,ABORIGINAL,33,201,51
2008/2009,NON ABORIGINAL,33,1057,72.2
2009/2010,ABORIGINAL,33,216,45.4
2009/2010,NON ABORIGINAL,33,1077,73.8
2010/2011,ABORIGINAL,33,193,55.6
2010/2011,NON ABORIGINAL,33,1095,74.4
2011/2012,ABORIGINAL,33,180,52.9
2011/2012,NON ABORIGINAL,33,977,79
2012/2013,ABORIGINAL,33,184,56.7
2012/2013,NON ABORIGINAL,33,1016,81.8
2013/2014,ABORIGINAL,33,192,65.5
2013/2014,NON ABORIGINAL,33,960,83.3
2014/2015,ABORIGINAL,33,203,61.8
2014/2015,NON ABORIGINAL,33,1011,83.9
1999/2000,ABORIGINAL,34,93,57
1999/2000,NON ABORIGINAL,34,1422,81.1
2000/2001,ABORIGINAL,34,120,69.2
2000/2001,NON ABORIGINAL,34,1420,78.6
2001/2002,ABORIGINAL,34,113,61.7
2001/2002,NON ABORIGINAL,34,1497,79
2002/2003,ABORIGINAL,34,101,50.9
2002/2003,NON ABORIGINAL,34,1506,79.9
2003/2004,ABORIGINAL,34,117,66
2003/2004,NON ABORIGINAL,34,1473,85
2004/2005,ABORIGINAL,34,133,55.8
2004/2005,NON ABORIGINAL,34,1560,76.4
2005/2006,ABORIGINAL,34,139,58.7
2005/2006,NON ABORIGINAL,34,1677,77.8
2006/2007,ABORIGINAL,34,161,51
2006/2007,NON ABORIGINAL,34,1645,81.7
2007/2008,ABORIGINAL,34,155,57.1
2007/2008,NON ABORIGINAL,34,1487,82.8
2008/2009,ABORIGINAL,34,193,62
2008/2009,NON ABORIGINAL,34,1551,87.2
2009/2010,ABORIGINAL,34,197,61.1
2009/2010,NON ABORIGINAL,34,1532,89.1
2010/2011,ABORIGINAL,34,176,68.3
2010/2011,NON ABORIGINAL,34,1650,90.7
2011/2012,ABORIGINAL,34,212,65.4
2011/2012,NON ABORIGINAL,34,1565,88.8
2012/2013,ABORIGINAL,34,213,78.1
2012/2013,NON ABORIGINAL,34,1581,91.3
2013/2014,ABORIGINAL,34,216,74.6
2013/2014,NON ABORIGINAL,34,1523,90.6
2014/2015,ABORIGINAL,34,219,75.4
2014/2015,NON ABORIGINAL,34,1509,89.2
1999/2000,ABORIGINAL,35,74,36.1
1999/2000,NON ABORIGINAL,35,1553,73.3
2000/2001,ABORIGINAL,35,106,55.6
2000/2001,NON ABORIGINAL,35,1707,74
2001/2002,ABORIGINAL,35,104,52.6
2001/2002,NON ABORIGINAL,35,1623,78.3
2002/2003,ABORIGINAL,35,122,56.2
2002/2003,NON ABORIGINAL,35,1766,78.7
2003/2004,ABORIGINAL,35,109,67.2
2003/2004,NON ABORIGINAL,35,1724,77.5
2004/2005,ABORIGINAL,35,130,58
2004/2005,NON ABORIGINAL,35,1621,79
2005/2006,ABORIGINAL,35,104,64
2005/2006,NON ABORIGINAL,35,1576,80.7
2006/2007,ABORIGINAL,35,141,51.1
2006/2007,NON ABORIGINAL,35,1654,81.4
2007/2008,ABORIGINAL,35,142,57.4
2007/2008,NON ABORIGINAL,35,1618,79.7
2008/2009,ABORIGINAL,35,139,56.2
2008/2009,NON ABORIGINAL,35,1653,81.5
2009/2010,ABORIGINAL,35,184,62.5
2009/2010,NON ABORIGINAL,35,1724,84.7
2010/2011,ABORIGINAL,35,152,62.2
2010/2011,NON ABORIGINAL,35,1713,85.8
2011/2012,ABORIGINAL,35,141,64.9
2011/2012,NON ABORIGINAL,35,1698,86.8
2012/2013,ABORIGINAL,35,166,69.7
2012/2013,NON ABORIGINAL,35,1665,86.6
2013/2014,ABORIGINAL,35,169,68.1
2013/2014,NON ABORIGINAL,35,1634,88.4
2014/2015,ABORIGINAL,35,187,77.6
2014/2015,NON ABORIGINAL,35,1630,88.5
1999/2000,ABORIGINAL,36,159,44.6
1999/2000,NON ABORIGINAL,36,4452,77.3
2000/2001,ABORIGINAL,36,178,36.4
2000/2001,NON ABORIGINAL,36,4503,79.2
2001/2002,ABORIGINAL,36,199,36.4
2001/2002,NON ABORIGINAL,36,4510,78.8
2002/2003,ABORIGINAL,36,225,41.3
2002/2003,NON ABORIGINAL,36,4772,82.4
2003/2004,ABORIGINAL,36,220,41.4
2003/2004,NON ABORIGINAL,36,4829,83.8
2004/2005,ABORIGINAL,36,236,50.8
2004/2005,NON ABORIGINAL,36,4764,84.1
2005/2006,ABORIGINAL,36,222,39.9
2005/2006,NON ABORIGINAL,36,4951,84.9
2006/2007,ABORIGINAL,36,274,46.2
2006/2007,NON ABORIGINAL,36,5095,84.4
2007/2008,ABORIGINAL,36,294,48.1
2007/2008,NON ABORIGINAL,36,5306,83.6
2008/2009,ABORIGINAL,36,297,41.5
2008/2009,NON ABORIGINAL,36,5483,84.9
2009/2010,ABORIGINAL,36,355,51.8
2009/2010,NON ABORIGINAL,36,5400,84.1
2010/2011,ABORIGINAL,36,321,54.4
2010/2011,NON ABORIGINAL,36,5718,85
2011/2012,ABORIGINAL,36,333,52.1
2011/2012,NON ABORIGINAL,36,5830,85.7
2012/2013,ABORIGINAL,36,354,48.2
2012/2013,NON ABORIGINAL,36,5985,88.3
2013/2014,ABORIGINAL,36,364,61
2013/2014,NON ABORIGINAL,36,6088,90.5
2014/2015,ABORIGINAL,36,292,55.1
2014/2015,NON ABORIGINAL,36,5906,90.7
1999/2000,ABORIGINAL,37,17,45
1999/2000,NON ABORIGINAL,37,1474,85.6
2000/2001,ABORIGINAL,37,24,54.4
2000/2001,NON ABORIGINAL,37,1519,85.9
2001/2002,ABORIGINAL,37,35,37.5
2001/2002,NON ABORIGINAL,37,1543,85.4
2002/2003,ABORIGINAL,37,35,56.3
2002/2003,NON ABORIGINAL,37,1497,87
2003/2004,ABORIGINAL,37,50,54.7
2003/2004,NON ABORIGINAL,37,1510,86.7
2004/2005,ABORIGINAL,37,40,62.4
2004/2005,NON ABORIGINAL,37,1462,86.6
2005/2006,ABORIGINAL,37,45,61.9
2005/2006,NON ABORIGINAL,37,1476,90.8
2006/2007,ABORIGINAL,37,40,61.9
2006/2007,NON ABORIGINAL,37,1519,91.8
2007/2008,ABORIGINAL,37,46,60.1
2007/2008,NON ABORIGINAL,37,1415,86.3
2008/2009,ABORIGINAL,37,70,56.6
2008/2009,NON ABORIGINAL,37,1496,86.1
2009/2010,ABORIGINAL,37,50,62.4
2009/2010,NON ABORIGINAL,37,1499,87.4
2010/2011,ABORIGINAL,37,58,60.3
2010/2011,NON ABORIGINAL,37,1523,85.8
2011/2012,ABORIGINAL,37,70,66.9
2011/2012,NON ABORIGINAL,37,1567,87.1
2012/2013,ABORIGINAL,37,59,64.2
2012/2013,NON ABORIGINAL,37,1546,89
2013/2014,ABORIGINAL,37,76,68.2
2013/2014,NON ABORIGINAL,37,1617,89
2014/2015,ABORIGINAL,37,59,63.3
2014/2015,NON ABORIGINAL,37,1541,88.4
1999/2000,ABORIGINAL,38,24,38.5
1999/2000,NON ABORIGINAL,38,2336,85.6
2000/2001,ABORIGINAL,38,33,56.4
2000/2001,NON ABORIGINAL,38,2244,88.9
2001/2002,ABORIGINAL,38,27,49.1
2001/2002,NON ABORIGINAL,38,2283,89.7
2002/2003,ABORIGINAL,38,32,61.3
2002/2003,NON ABORIGINAL,38,2285,88.8
2003/2004,ABORIGINAL,38,26,35.5
2003/2004,NON ABORIGINAL,38,2334,91.1
2004/2005,ABORIGINAL,38,22,42.5
2004/2005,NON ABORIGINAL,38,2102,93.7
2005/2006,ABORIGINAL,38,33,56.2
2005/2006,NON ABORIGINAL,38,2224,94
2006/2007,ABORIGINAL,38,39,58.4
2006/2007,NON ABORIGINAL,38,2281,92.7
2007/2008,ABORIGINAL,38,21,65.1
2007/2008,NON ABORIGINAL,38,2236,91.4
2008/2009,ABORIGINAL,38,38,62.8
2008/2009,NON ABORIGINAL,38,2343,89.5
2009/2010,ABORIGINAL,38,25,63.9
2009/2010,NON ABORIGINAL,38,2197,90.8
2010/2011,ABORIGINAL,38,33,45
2010/2011,NON ABORIGINAL,38,2353,90.5
2011/2012,ABORIGINAL,38,34,68.8
2011/2012,NON ABORIGINAL,38,2279,89.1
2012/2013,ABORIGINAL,38,20,73.8
2012/2013,NON ABORIGINAL,38,2332,90.5
2013/2014,ABORIGINAL,38,25,53.5
2013/2014,NON ABORIGINAL,38,2337,89.6
2014/2015,ABORIGINAL,38,23,68.4
2014/2015,NON ABORIGINAL,38,2243,89.5
1999/2000,ABORIGINAL,39,175,22.8
1999/2000,NON ABORIGINAL,39,4945,79.2
2000/2001,ABORIGINAL,39,199,19.5
2000/2001,NON ABORIGINAL,39,4885,79.6
2001/2002,ABORIGINAL,39,180,19.8
2001/2002,NON ABORIGINAL,39,5153,79.2
2002/2003,ABORIGINAL,39,180,28.4
2002/2003,NON ABORIGINAL,39,5076,81
2003/2004,ABORIGINAL,39,184,15.5
2003/2004,NON ABORIGINAL,39,5182,82.4
2004/2005,ABORIGINAL,39,195,31.3
2004/2005,NON ABORIGINAL,39,5017,82.3
2005/2006,ABORIGINAL,39,155,32.5
2005/2006,NON ABORIGINAL,39,5142,84.2
2006/2007,ABORIGINAL,39,211,21.1
2006/2007,NON ABORIGINAL,39,5455,83.4
2007/2008,ABORIGINAL,39,220,23.8
2007/2008,NON ABORIGINAL,39,5280,81.8
2008/2009,ABORIGINAL,39,231,29.1
2008/2009,NON ABORIGINAL,39,5293,81.8
2009/2010,ABORIGINAL,39,231,25.4
2009/2010,NON ABORIGINAL,39,5117,83.2
2010/2011,ABORIGINAL,39,225,32.1
2010/2011,NON ABORIGINAL,39,5294,84.6
2011/2012,ABORIGINAL,39,198,30.8
2011/2012,NON ABORIGINAL,39,5331,85.8
2012/2013,ABORIGINAL,39,196,43.3
2012/2013,NON ABORIGINAL,39,5377,88.2
2013/2014,ABORIGINAL,39,201,42.7
2013/2014,NON ABORIGINAL,39,5196,89.1
2014/2015,ABORIGINAL,39,182,47
2014/2015,NON ABORIGINAL,39,5170,88.8
1999/2000,ABORIGINAL,40,49,21.9
1999/2000,NON ABORIGINAL,40,592,56.9
2000/2001,ABORIGINAL,40,56,18.8
2000/2001,NON ABORIGINAL,40,626,58
2001/2002,ABORIGINAL,40,47,20.2
2001/2002,NON ABORIGINAL,40,557,65.3
2002/2003,ABORIGINAL,40,59,21.5
2002/2003,NON ABORIGINAL,40,599,70.2
2003/2004,ABORIGINAL,40,44,16
2003/2004,NON ABORIGINAL,40,517,71.9
2004/2005,ABORIGINAL,40,46,17.4
2004/2005,NON ABORIGINAL,40,498,81.1
2005/2006,ABORIGINAL,40,53,19.7
2005/2006,NON ABORIGINAL,40,548,79.3
2006/2007,ABORIGINAL,40,53,34.6
2006/2007,NON ABORIGINAL,40,587,81
2007/2008,ABORIGINAL,40,41,38.2
2007/2008,NON ABORIGINAL,40,554,77.3
2008/2009,ABORIGINAL,40,52,34.8
2008/2009,NON ABORIGINAL,40,595,82.4
2009/2010,ABORIGINAL,40,58,42.2
2009/2010,NON ABORIGINAL,40,586,77.3
2010/2011,ABORIGINAL,40,53,62
2010/2011,NON ABORIGINAL,40,594,82.5
2011/2012,ABORIGINAL,40,64,45.3
2011/2012,NON ABORIGINAL,40,593,82.5
2012/2013,ABORIGINAL,40,55,55
2012/2013,NON ABORIGINAL,40,577,86.3
2013/2014,ABORIGINAL,40,48,58.3
2013/2014,NON ABORIGINAL,40,586,82.1
2014/2015,ABORIGINAL,40,49,52.4
2014/2015,NON ABORIGINAL,40,576,81.1
1999/2000,ABORIGINAL,41,59,30.8
1999/2000,NON ABORIGINAL,41,2090,80.1
2000/2001,ABORIGINAL,41,60,22.9
2000/2001,NON ABORIGINAL,41,2177,82.5
2001/2002,ABORIGINAL,41,86,30.6
2001/2002,NON ABORIGINAL,41,2136,83.3
2002/2003,ABORIGINAL,41,79,41.9
2002/2003,NON ABORIGINAL,41,2218,86
2003/2004,ABORIGINAL,41,91,37.5
2003/2004,NON ABORIGINAL,41,2286,85.9
2004/2005,ABORIGINAL,41,87,42.2
2004/2005,NON ABORIGINAL,41,2003,88.3
2005/2006,ABORIGINAL,41,103,33.2
2005/2006,NON ABORIGINAL,41,2234,88.2
2006/2007,ABORIGINAL,41,87,45.6
2006/2007,NON ABORIGINAL,41,2284,87.3
2007/2008,ABORIGINAL,41,87,32.3
2007/2008,NON ABORIGINAL,41,2349,83.8
2008/2009,ABORIGINAL,41,111,38.8
2008/2009,NON ABORIGINAL,41,2371,85
2009/2010,ABORIGINAL,41,108,30.1
2009/2010,NON ABORIGINAL,41,2402,83.1
2010/2011,ABORIGINAL,41,90,49
2010/2011,NON ABORIGINAL,41,2458,83.5
2011/2012,ABORIGINAL,41,78,54.4
2011/2012,NON ABORIGINAL,41,2455,84.5
2012/2013,ABORIGINAL,41,111,50.8
2012/2013,NON ABORIGINAL,41,2594,86.9
2013/2014,ABORIGINAL,41,89,47.6
2013/2014,NON ABORIGINAL,41,2522,88
2014/2015,ABORIGINAL,41,88,58.1
2014/2015,NON ABORIGINAL,41,2319,86.4
1999/2000,ABORIGINAL,42,70,53.6
1999/2000,NON ABORIGINAL,42,1107,74.9
2000/2001,ABORIGINAL,42,61,56.3
2000/2001,NON ABORIGINAL,42,1130,76.8
2001/2002,ABORIGINAL,42,66,59.7
2001/2002,NON ABORIGINAL,42,1106,78.8
2002/2003,ABORIGINAL,42,87,66.2
2002/2003,NON ABORIGINAL,42,1228,77.8
2003/2004,ABORIGINAL,42,87,66.4
2003/2004,NON ABORIGINAL,42,1142,80.3
2004/2005,ABORIGINAL,42,60,52.1
2004/2005,NON ABORIGINAL,42,1104,78.5
2005/2006,ABORIGINAL,42,87,60.7
2005/2006,NON ABORIGINAL,42,1221,76.1
2006/2007,ABORIGINAL,42,98,63.5
2006/2007,NON ABORIGINAL,42,1129,78.6
2007/2008,ABORIGINAL,42,110,63.9
2007/2008,NON ABORIGINAL,42,1285,76.5
2008/2009,ABORIGINAL,42,105,59.3
2008/2009,NON ABORIGINAL,42,1394,78.1
2009/2010,ABORIGINAL,42,131,62.9
2009/2010,NON ABORIGINAL,42,1381,79
2010/2011,ABORIGINAL,42,106,62.1
2010/2011,NON ABORIGINAL,42,1456,80.4
2011/2012,ABORIGINAL,42,101,67.4
2011/2012,NON ABORIGINAL,42,1337,84.7
2012/2013,ABORIGINAL,42,113,74.2
2012/2013,NON ABORIGINAL,42,1307,92.1
2013/2014,ABORIGINAL,42,123,73.3
2013/2014,NON ABORIGINAL,42,1225,87.6
2014/2015,ABORIGINAL,42,106,72
2014/2015,NON ABORIGINAL,42,1228,87.9
1999/2000,ABORIGINAL,43,73,46.5
1999/2000,NON ABORIGINAL,43,2628,79.9
2000/2001,ABORIGINAL,43,89,53.2
2000/2001,NON ABORIGINAL,43,2716,80.6
2001/2002,ABORIGINAL,43,115,54.8
2001/2002,NON ABORIGINAL,43,2763,81.9
2002/2003,ABORIGINAL,43,102,67.8
2002/2003,NON ABORIGINAL,43,2994,85.8
2003/2004,ABORIGINAL,43,109,67.1
2003/2004,NON ABORIGINAL,43,2983,87.1
2004/2005,ABORIGINAL,43,107,62.6
2004/2005,NON ABORIGINAL,43,2782,89
2005/2006,ABORIGINAL,43,116,65.2
2005/2006,NON ABORIGINAL,43,2806,90.1
2006/2007,ABORIGINAL,43,112,60.2
2006/2007,NON ABORIGINAL,43,3082,90
2007/2008,ABORIGINAL,43,117,63.7
2007/2008,NON ABORIGINAL,43,2979,89.2
2008/2009,ABORIGINAL,43,131,71.3
2008/2009,NON ABORIGINAL,43,2965,91
2009/2010,ABORIGINAL,43,116,63.9
2009/2010,NON ABORIGINAL,43,3087,89.6
2010/2011,ABORIGINAL,43,113,63
2010/2011,NON ABORIGINAL,43,3068,91.7
2011/2012,ABORIGINAL,43,141,69.8
2011/2012,NON ABORIGINAL,43,3226,90.7
2012/2013,ABORIGINAL,43,111,89.8
2012/2013,NON ABORIGINAL,43,3001,93.5
2013/2014,ABORIGINAL,43,137,75.1
2013/2014,NON ABORIGINAL,43,3064,92.6
2014/2015,ABORIGINAL,43,119,84.5
2014/2015,NON ABORIGINAL,43,3078,93
1999/2000,ABORIGINAL,44,48,34.8
1999/2000,NON ABORIGINAL,44,1579,81.3
2000/2001,ABORIGINAL,44,67,18.7
2000/2001,NON ABORIGINAL,44,1639,80.6
2001/2002,ABORIGINAL,44,82,35.2
2001/2002,NON ABORIGINAL,44,1644,81.3
2002/2003,ABORIGINAL,44,60,37
2002/2003,NON ABORIGINAL,44,1586,81
2003/2004,ABORIGINAL,44,55,27.9
2003/2004,NON ABORIGINAL,44,1699,81
2004/2005,ABORIGINAL,44,65,44.1
2004/2005,NON ABORIGINAL,44,1593,82.8
2005/2006,ABORIGINAL,44,61,39.5
2005/2006,NON ABORIGINAL,44,1583,85.3
2006/2007,ABORIGINAL,44,59,32.7
2006/2007,NON ABORIGINAL,44,1651,84.4
2007/2008,ABORIGINAL,44,74,34.3
2007/2008,NON ABORIGINAL,44,1615,83.2
2008/2009,ABORIGINAL,44,67,50.8
2008/2009,NON ABORIGINAL,44,1629,85.1
2009/2010,ABORIGINAL,44,78,51.8
2009/2010,NON ABORIGINAL,44,1622,88.7
2010/2011,ABORIGINAL,44,73,49
2010/2011,NON ABORIGINAL,44,1665,87.7
2011/2012,ABORIGINAL,44,53,60.6
2011/2012,NON ABORIGINAL,44,1630,84.4
2012/2013,ABORIGINAL,44,43,49.7
2012/2013,NON ABORIGINAL,44,1523,85.2
2013/2014,ABORIGINAL,44,66,62.2
2013/2014,NON ABORIGINAL,44,1618,84.7
2014/2015,ABORIGINAL,44,45,58.8
2014/2015,NON ABORIGINAL,44,1574,83.5
1999/2000,ABORIGINAL,45,-99999999,-99999999
1999/2000,NON ABORIGINAL,45,691,91.2
2000/2001,ABORIGINAL,45,-99999999,-99999999
2000/2001,NON ABORIGINAL,45,714,88.7
2001/2002,ABORIGINAL,45,-99999999,-99999999
2001/2002,NON ABORIGINAL,45,719,89.5
2002/2003,ABORIGINAL,45,-99999999,-99999999
2002/2003,NON ABORIGINAL,45,749,91
2003/2004,ABORIGINAL,45,-99999999,-99999999
2003/2004,NON ABORIGINAL,45,724,89.5
2004/2005,ABORIGINAL,45,-99999999,-99999999
2004/2005,NON ABORIGINAL,45,759,91.9
2005/2006,ABORIGINAL,45,-99999999,-99999999
2005/2006,NON ABORIGINAL,45,786,91.1
2006/2007,ABORIGINAL,45,-99999999,-99999999
2006/2007,NON ABORIGINAL,45,841,86
2007/2008,ABORIGINAL,45,-99999999,-99999999
2007/2008,NON ABORIGINAL,45,815,92.9
2008/2009,ABORIGINAL,45,-99999999,-99999999
2008/2009,NON ABORIGINAL,45,893,92.9
2009/2010,ABORIGINAL,45,-99999999,-99999999
2009/2010,NON ABORIGINAL,45,873,91.4
2010/2011,ABORIGINAL,45,-99999999,-99999999
2010/2011,NON ABORIGINAL,45,899,90.3
2011/2012,ABORIGINAL,45,-99999999,-99999999
2011/2012,NON ABORIGINAL,45,907,92.4
2012/2013,ABORIGINAL,45,-99999999,-99999999
2012/2013,NON ABORIGINAL,45,907,90.8
2013/2014,ABORIGINAL,45,-99999999,-99999999
2013/2014,NON ABORIGINAL,45,902,94.1
2014/2015,ABORIGINAL,45,-99999999,-99999999
2014/2015,NON ABORIGINAL,45,880,88
1999/2000,ABORIGINAL,46,30,11.4
1999/2000,NON ABORIGINAL,46,314,66.2
2000/2001,ABORIGINAL,46,36,42.5
2000/2001,NON ABORIGINAL,46,329,80.8
2001/2002,ABORIGINAL,46,32,49.1
2001/2002,NON ABORIGINAL,46,334,76.8
2002/2003,ABORIGINAL,46,30,46.2
2002/2003,NON ABORIGINAL,46,342,75.7
2003/2004,ABORIGINAL,46,28,42.8
2003/2004,NON ABORIGINAL,46,383,76.6
2004/2005,ABORIGINAL,46,37,68.4
2004/2005,NON ABORIGINAL,46,310,82.6
2005/2006,ABORIGINAL,46,38,42.9
2005/2006,NON ABORIGINAL,46,363,76.9
2006/2007,ABORIGINAL,46,48,47.7
2006/2007,NON ABORIGINAL,46,339,77.2
2007/2008,ABORIGINAL,46,41,48.5
2007/2008,NON ABORIGINAL,46,344,82.7
2008/2009,ABORIGINAL,46,51,47.1
2008/2009,NON ABORIGINAL,46,356,80.3
2009/2010,ABORIGINAL,46,38,45.6
2009/2010,NON ABORIGINAL,46,346,82.9
2010/2011,ABORIGINAL,46,53,62.6
2010/2011,NON ABORIGINAL,46,331,82.8
2011/2012,ABORIGINAL,46,50,47.6
2011/2012,NON ABORIGINAL,46,274,84.6
2012/2013,ABORIGINAL,46,43,60.6
2012/2013,NON ABORIGINAL,46,260,82.9
2013/2014,ABORIGINAL,46,59,72.1
2013/2014,NON ABORIGINAL,46,269,82
2014/2015,ABORIGINAL,46,57,72.5
2014/2015,NON ABORIGINAL,46,256,83.8
1999/2000,ABORIGINAL,47,15,42.7
1999/2000,NON ABORIGINAL,47,260,68.3
2000/2001,ABORIGINAL,47,25,56.4
2000/2001,NON ABORIGINAL,47,289,73.9
2001/2002,ABORIGINAL,47,17,25.5
2001/2002,NON ABORIGINAL,47,286,69.6
2002/2003,ABORIGINAL,47,20,38
2002/2003,NON ABORIGINAL,47,319,74.8
2003/2004,ABORIGINAL,47,28,49.7
2003/2004,NON ABORIGINAL,47,279,79.6
2004/2005,ABORIGINAL,47,25,55.9
2004/2005,NON ABORIGINAL,47,253,79.7
2005/2006,ABORIGINAL,47,19,39.4
2005/2006,NON ABORIGINAL,47,243,73
2006/2007,ABORIGINAL,47,36,50.3
2006/2007,NON ABORIGINAL,47,243,68.4
2007/2008,ABORIGINAL,47,28,49.1
2007/2008,NON ABORIGINAL,47,211,71.4
2008/2009,ABORIGINAL,47,33,53.8
2008/2009,NON ABORIGINAL,47,254,80.1
2009/2010,ABORIGINAL,47,30,43.1
2009/2010,NON ABORIGINAL,47,234,74
2010/2011,ABORIGINAL,47,43,64.3
2010/2011,NON ABORIGINAL,47,212,76.1
2011/2012,ABORIGINAL,47,31,30.8
2011/2012,NON ABORIGINAL,47,226,80.3
2012/2013,ABORIGINAL,47,35,67
2012/2013,NON ABORIGINAL,47,232,82
2013/2014,ABORIGINAL,47,34,61.7
2013/2014,NON ABORIGINAL,47,209,82.3
2014/2015,ABORIGINAL,47,44,45.5
2014/2015,NON ABORIGINAL,47,165,78.1
1999/2000,ABORIGINAL,48,41,40.7
1999/2000,NON ABORIGINAL,48,282,73.9
2000/2001,ABORIGINAL,48,47,46.6
2000/2001,NON ABORIGINAL,48,302,76.4
2001/2002,ABORIGINAL,48,38,40.5
2001/2002,NON ABORIGINAL,48,313,78.4
2002/2003,ABORIGINAL,48,35,40.9
2002/2003,NON ABORIGINAL,48,306,78.1
2003/2004,ABORIGINAL,48,35,22.7
2003/2004,NON ABORIGINAL,48,324,86.4
2004/2005,ABORIGINAL,48,43,38.8
2004/2005,NON ABORIGINAL,48,321,84
2005/2006,ABORIGINAL,48,45,52
2005/2006,NON ABORIGINAL,48,296,86.1
2006/2007,ABORIGINAL,48,61,53.4
2006/2007,NON ABORIGINAL,48,291,87.4
2007/2008,ABORIGINAL,48,49,40.4
2007/2008,NON ABORIGINAL,48,372,85.5
2008/2009,ABORIGINAL,48,38,35.4
2008/2009,NON ABORIGINAL,48,362,83.9
2009/2010,ABORIGINAL,48,55,39.4
2009/2010,NON ABORIGINAL,48,356,77.9
2010/2011,ABORIGINAL,48,68,56.1
2010/2011,NON ABORIGINAL,48,376,84
2011/2012,ABORIGINAL,48,61,60.8
2011/2012,NON ABORIGINAL,48,362,81.7
2012/2013,ABORIGINAL,48,68,72.8
2012/2013,NON ABORIGINAL,48,335,83.9
2013/2014,ABORIGINAL,48,47,81.1
2013/2014,NON ABORIGINAL,48,341,81.8
2014/2015,ABORIGINAL,48,54,77.9
2014/2015,NON ABORIGINAL,48,403,74.8
1999/2000,ABORIGINAL,49,20,41.5
1999/2000,NON ABORIGINAL,49,20,74.6
2000/2001,ABORIGINAL,49,-99999999,-99999999
2000/2001,NON ABORIGINAL,49,13,68.3
2001/2002,ABORIGINAL,49,20,55.6
2001/2002,NON ABORIGINAL,49,14,100
2002/2003,ABORIGINAL,49,16,46.7
2002/2003,NON ABORIGINAL,49,15,78.5
2003/2004,ABORIGINAL,49,21,43.7
2003/2004,NON ABORIGINAL,49,15,67.9
2004/2005,ABORIGINAL,49,16,60.8
2004/2005,NON ABORIGINAL,49,13,82.6
2005/2006,ABORIGINAL,49,20,58.8
2005/2006,NON ABORIGINAL,49,12,70.5
2006/2007,ABORIGINAL,49,-99999999,-99999999
2006/2007,NON ABORIGINAL,49,16,65.4
2007/2008,ABORIGINAL,49,13,59.4
2007/2008,NON ABORIGINAL,49,-99999999,-99999999
2008/2009,ABORIGINAL,49,16,61
2008/2009,NON ABORIGINAL,49,14,99.5
2009/2010,ABORIGINAL,49,11,62.4
2009/2010,NON ABORIGINAL,49,-99999999,-99999999
2010/2011,ABORIGINAL,49,14,47.7
2010/2011,NON ABORIGINAL,49,-99999999,-99999999
2011/2012,ABORIGINAL,49,16,50.3
2011/2012,NON ABORIGINAL,49,-99999999,-99999999
2012/2013,ABORIGINAL,49,-99999999,-99999999
2012/2013,NON ABORIGINAL,49,-99999999,-99999999
2013/2014,ABORIGINAL,49,-99999999,-99999999
2013/2014,NON ABORIGINAL,49,-99999999,-99999999
2014/2015,ABORIGINAL,49,-99999999,-99999999
2014/2015,NON ABORIGINAL,49,-99999999,-99999999
1999/2000,ABORIGINAL,50,34,50.9
1999/2000,NON ABORIGINAL,50,36,85
2000/2001,ABORIGINAL,50,35,41.2
2000/2001,NON ABORIGINAL,50,37,74.9
2001/2002,ABORIGINAL,50,40,35
2001/2002,NON ABORIGINAL,50,35,68.2
2002/2003,ABORIGINAL,50,36,46
2002/2003,NON ABORIGINAL,50,34,63.3
2003/2004,ABORIGINAL,50,38,46.2
2003/2004,NON ABORIGINAL,50,28,77.7
2004/2005,ABORIGINAL,50,30,37.3
2004/2005,NON ABORIGINAL,50,23,96.9
2005/2006,ABORIGINAL,50,47,49.4
2005/2006,NON ABORIGINAL,50,27,64.4
2006/2007,ABORIGINAL,50,49,26.4
2006/2007,NON ABORIGINAL,50,23,60.6
2007/2008,ABORIGINAL,50,52,44.5
2007/2008,NON ABORIGINAL,50,17,65.3
2008/2009,ABORIGINAL,50,47,57.8
2008/2009,NON ABORIGINAL,50,11,43.1
2009/2010,ABORIGINAL,50,49,51.7
2009/2010,NON ABORIGINAL,50,20,73.3
2010/2011,ABORIGINAL,50,51,60.1
2010/2011,NON ABORIGINAL,50,14,54.3
2011/2012,ABORIGINAL,50,37,61
2011/2012,NON ABORIGINAL,50,22,77.7
2012/2013,ABORIGINAL,50,39,55.2
2012/2013,NON ABORIGINAL,50,18,71
2013/2014,ABORIGINAL,50,28,68.9
2013/2014,NON ABORIGINAL,50,24,89.6
2014/2015,ABORIGINAL,50,41,66.2
2014/2015,NON ABORIGINAL,50,16,78.4
1999/2000,ABORIGINAL,51,11,40.1
1999/2000,NON ABORIGINAL,51,191,74.6
2000/2001,ABORIGINAL,51,12,81.4
2000/2001,NON ABORIGINAL,51,164,79.5
2001/2002,ABORIGINAL,51,18,67.6
2001/2002,NON ABORIGINAL,51,177,80
2002/2003,ABORIGINAL,51,32,84.2
2002/2003,NON ABORIGINAL,51,168,90.9
2003/2004,ABORIGINAL,51,39,65.7
2003/2004,NON ABORIGINAL,51,156,81.9
2004/2005,ABORIGINAL,51,26,57.7
2004/2005,NON ABORIGINAL,51,157,89.5
2005/2006,ABORIGINAL,51,38,70.7
2005/2006,NON ABORIGINAL,51,137,83.5
2006/2007,ABORIGINAL,51,35,69.8
2006/2007,NON ABORIGINAL,51,143,83.7
2007/2008,ABORIGINAL,51,40,56.9
2007/2008,NON ABORIGINAL,51,136,92
2008/2009,ABORIGINAL,51,40,71.4
2008/2009,NON ABORIGINAL,51,133,87.5
2009/2010,ABORIGINAL,51,36,71.5
2009/2010,NON ABORIGINAL,51,125,89.2
2010/2011,ABORIGINAL,51,37,86.7
2010/2011,NON ABORIGINAL,51,111,96.7
2011/2012,ABORIGINAL,51,27,93.2
2011/2012,NON ABORIGINAL,51,116,93.9
2012/2013,ABORIGINAL,51,32,81.9
2012/2013,NON ABORIGINAL,51,103,82.1
2013/2014,ABORIGINAL,51,36,67.5
2013/2014,NON ABORIGINAL,51,89,92.3
2014/2015,ABORIGINAL,51,32,88.9
2014/2015,NON ABORIGINAL,51,83,82.7
1999/2000,ABORIGINAL,52,105,32
1999/2000,NON ABORIGINAL,52,168,75.1
2000/2001,ABORIGINAL,52,118,39.6
2000/2001,NON ABORIGINAL,52,162,81.1
2001/2002,ABORIGINAL,52,100,40
2001/2002,NON ABORIGINAL,52,165,87.3
2002/2003,ABORIGINAL,52,116,38.8
2002/2003,NON ABORIGINAL,52,145,85.5
2003/2004,ABORIGINAL,52,109,53.4
2003/2004,NON ABORIGINAL,52,153,88.5
2004/2005,ABORIGINAL,52,99,57.2
2004/2005,NON ABORIGINAL,52,129,89.9
2005/2006,ABORIGINAL,52,144,44.6
2005/2006,NON ABORIGINAL,52,144,89.1
2006/2007,ABORIGINAL,52,138,47.9
2006/2007,NON ABORIGINAL,52,140,85.6
2007/2008,ABORIGINAL,52,132,39.3
2007/2008,NON ABORIGINAL,52,117,90
2008/2009,ABORIGINAL,52,128,44.3
2008/2009,NON ABORIGINAL,52,119,79.8
2009/2010,ABORIGINAL,52,132,35.1
2009/2010,NON ABORIGINAL,52,113,84.2
2010/2011,ABORIGINAL,52,124,43.9
2010/2011,NON ABORIGINAL,52,100,87.7
2011/2012,ABORIGINAL,52,116,47.4
2011/2012,NON ABORIGINAL,52,128,85.3
2012/2013,ABORIGINAL,52,119,56
2012/2013,NON ABORIGINAL,52,93,96.1
2013/2014,ABORIGINAL,52,115,62.6
2013/2014,NON ABORIGINAL,52,96,80.4
2014/2015,ABORIGINAL,52,109,49.2
2014/2015,NON ABORIGINAL,52,85,83.8
1999/2000,ABORIGINAL,53,22,39.8
1999/2000,NON ABORIGINAL,53,242,76.2
2000/2001,ABORIGINAL,53,31,40.1
2000/2001,NON ABORIGINAL,53,265,70.8
2001/2002,ABORIGINAL,53,25,46.1
2001/2002,NON ABORIGINAL,53,265,82.4
2002/2003,ABORIGINAL,53,36,21.9
2002/2003,NON ABORIGINAL,53,273,78.2
2003/2004,ABORIGINAL,53,24,42.8
2003/2004,NON ABORIGINAL,53,270,78.2
2004/2005,ABORIGINAL,53,22,65.7
2004/2005,NON ABORIGINAL,53,266,82.7
2005/2006,ABORIGINAL,53,31,53.8
2005/2006,NON ABORIGINAL,53,205,80.2
2006/2007,ABORIGINAL,53,33,48.3
2006/2007,NON ABORIGINAL,53,229,79.5
2007/2008,ABORIGINAL,53,43,43.8
2007/2008,NON ABORIGINAL,53,221,80.7
2008/2009,ABORIGINAL,53,36,45.5
2008/2009,NON ABORIGINAL,53,235,77.6
2009/2010,ABORIGINAL,53,40,60.3
2009/2010,NON ABORIGINAL,53,217,71.9
2010/2011,ABORIGINAL,53,43,46.8
2010/2011,NON ABORIGINAL,53,210,78.3
2011/2012,ABORIGINAL,53,51,54.2
2011/2012,NON ABORIGINAL,53,202,74.3
2012/2013,ABORIGINAL,53,41,66.7
2012/2013,NON ABORIGINAL,53,194,78.3
2013/2014,ABORIGINAL,53,47,75.3
2013/2014,NON ABORIGINAL,53,193,79.7
2014/2015,ABORIGINAL,53,36,61.2
2014/2015,NON ABORIGINAL,53,185,84.1
1999/2000,ABORIGINAL,54,41,40.2
1999/2000,NON ABORIGINAL,54,261,76.3
2000/2001,ABORIGINAL,54,39,43
2000/2001,NON ABORIGINAL,54,271,76.9
2001/2002,ABORIGINAL,54,52,47.1
2001/2002,NON ABORIGINAL,54,242,78.8
2002/2003,ABORIGINAL,54,41,46.1
2002/2003,NON ABORIGINAL,54,208,78.9
2003/2004,ABORIGINAL,54,58,56
2003/2004,NON ABORIGINAL,54,226,82.1
2004/2005,ABORIGINAL,54,52,56.2
2004/2005,NON ABORIGINAL,54,202,84.1
2005/2006,ABORIGINAL,54,56,50.3
2005/2006,NON ABORIGINAL,54,187,88.6
2006/2007,ABORIGINAL,54,57,50.7
2006/2007,NON ABORIGINAL,54,184,90
2007/2008,ABORIGINAL,54,63,46.4
2007/2008,NON ABORIGINAL,54,209,82.9
2008/2009,ABORIGINAL,54,64,55.9
2008/2009,NON ABORIGINAL,54,218,86.4
2009/2010,ABORIGINAL,54,69,45.7
2009/2010,NON ABORIGINAL,54,198,84.7
2010/2011,ABORIGINAL,54,64,50.9
2010/2011,NON ABORIGINAL,54,195,81
2011/2012,ABORIGINAL,54,56,57.3
2011/2012,NON ABORIGINAL,54,191,81.9
2012/2013,ABORIGINAL,54,57,56.4
2012/2013,NON ABORIGINAL,54,170,85.1
2013/2014,ABORIGINAL,54,58,53
2013/2014,NON ABORIGINAL,54,179,82.6
2014/2015,ABORIGINAL,54,68,65
2014/2015,NON ABORIGINAL,54,162,75.1
1999/2000,ABORIGINAL,57,271,37.6
1999/2000,NON ABORIGINAL,57,1313,73.6
2000/2001,ABORIGINAL,57,273,40.2
2000/2001,NON ABORIGINAL,57,1423,73.4
2001/2002,ABORIGINAL,57,308,36.6
2001/2002,NON ABORIGINAL,57,1371,74.6
2002/2003,ABORIGINAL,57,332,42.7
2002/2003,NON ABORIGINAL,57,1461,76
2003/2004,ABORIGINAL,57,332,31
2003/2004,NON ABORIGINAL,57,1372,76.2
2004/2005,ABORIGINAL,57,260,37.7
2004/2005,NON ABORIGINAL,57,1207,77
2005/2006,ABORIGINAL,57,326,38.2
2005/2006,NON ABORIGINAL,57,1233,73.2
2006/2007,ABORIGINAL,57,345,38.5
2006/2007,NON ABORIGINAL,57,1100,73.8
2007/2008,ABORIGINAL,57,317,39.9
2007/2008,NON ABORIGINAL,57,1165,77.7
2008/2009,ABORIGINAL,57,370,46.7
2008/2009,NON ABORIGINAL,57,1205,76.5
2009/2010,ABORIGINAL,57,381,52
2009/2010,NON ABORIGINAL,57,1114,79.3
2010/2011,ABORIGINAL,57,365,44.1
2010/2011,NON ABORIGINAL,57,1015,81.1
2011/2012,ABORIGINAL,57,346,54.9
2011/2012,NON ABORIGINAL,57,1094,82.3
2012/2013,ABORIGINAL,57,360,56
2012/2013,NON ABORIGINAL,57,1031,81.4
2013/2014,ABORIGINAL,57,351,48.8
2013/2014,NON ABORIGINAL,57,949,81
2014/2015,ABORIGINAL,57,361,60.5
2014/2015,NON ABORIGINAL,57,910,79.3
1999/2000,ABORIGINAL,58,71,49.1
1999/2000,NON ABORIGINAL,58,191,79.7
2000/2001,ABORIGINAL,58,76,57.5
2000/2001,NON ABORIGINAL,58,179,74.4
2001/2002,ABORIGINAL,58,74,33
2001/2002,NON ABORIGINAL,58,186,80.2
2002/2003,ABORIGINAL,58,65,55.4
2002/2003,NON ABORIGINAL,58,179,68.1
2003/2004,ABORIGINAL,58,84,52.9
2003/2004,NON ABORIGINAL,58,209,67
2004/2005,ABORIGINAL,58,102,43.3
2004/2005,NON ABORIGINAL,58,215,66
2005/2006,ABORIGINAL,58,97,37.1
2005/2006,NON ABORIGINAL,58,212,61.6
2006/2007,ABORIGINAL,58,92,42.4
2006/2007,NON ABORIGINAL,58,187,67.8
2007/2008,ABORIGINAL,58,96,44.9
2007/2008,NON ABORIGINAL,58,191,57
2008/2009,ABORIGINAL,58,119,37.4
2008/2009,NON ABORIGINAL,58,194,69.1
2009/2010,ABORIGINAL,58,94,48.7
2009/2010,NON ABORIGINAL,58,195,77.2
2010/2011,ABORIGINAL,58,123,54.2
2010/2011,NON ABORIGINAL,58,163,71.7
2011/2012,ABORIGINAL,58,109,56
2011/2012,NON ABORIGINAL,58,176,72
2012/2013,ABORIGINAL,58,95,64.7
2012/2013,NON ABORIGINAL,58,163,77.9
2013/2014,ABORIGINAL,58,87,58.3
2013/2014,NON ABORIGINAL,58,147,82.3
2014/2015,ABORIGINAL,58,112,57.9
2014/2015,NON ABORIGINAL,58,147,66.6
1999/2000,ABORIGINAL,59,98,42
1999/2000,NON ABORIGINAL,59,386,77
2000/2001,ABORIGINAL,59,119,43
2000/2001,NON ABORIGINAL,59,396,80.6
2001/2002,ABORIGINAL,59,108,43.5
2001/2002,NON ABORIGINAL,59,356,81.5
2002/2003,ABORIGINAL,59,101,37.3
2002/2003,NON ABORIGINAL,59,336,69
2003/2004,ABORIGINAL,59,145,42.4
2003/2004,NON ABORIGINAL,59,394,70.7
2004/2005,ABORIGINAL,59,112,43.2
2004/2005,NON ABORIGINAL,59,302,81.2
2005/2006,ABORIGINAL,59,127,51.5
2005/2006,NON ABORIGINAL,59,308,79.6
2006/2007,ABORIGINAL,59,158,50.5
2006/2007,NON ABORIGINAL,59,280,86
2007/2008,ABORIGINAL,59,131,45.7
2007/2008,NON ABORIGINAL,59,319,76.2
2008/2009,ABORIGINAL,59,147,55.1
2008/2009,NON ABORIGINAL,59,312,78.8
2009/2010,ABORIGINAL,59,154,45.7
2009/2010,NON ABORIGINAL,59,280,75.4
2010/2011,ABORIGINAL,59,137,61.2
2010/2011,NON ABORIGINAL,59,308,77.2
2011/2012,ABORIGINAL,59,147,58.4
2011/2012,NON ABORIGINAL,59,258,86.3
2012/2013,ABORIGINAL,59,129,59.2
2012/2013,NON ABORIGINAL,59,270,79.1
2013/2014,ABORIGINAL,59,136,61.8
2013/2014,NON ABORIGINAL,59,264,80.3
2014/2015,ABORIGINAL,59,117,68.4
2014/2015,NON ABORIGINAL,59,258,81.7
1999/2000,ABORIGINAL,60,98,57.1
1999/2000,NON ABORIGINAL,60,381,76.3
2000/2001,ABORIGINAL,60,105,69.3
2000/2001,NON ABORIGINAL,60,385,85.7
2001/2002,ABORIGINAL,60,118,53.3
2001/2002,NON ABORIGINAL,60,372,82.5
2002/2003,ABORIGINAL,60,120,51.8
2002/2003,NON ABORIGINAL,60,375,86.6
2003/2004,ABORIGINAL,60,149,74.8
2003/2004,NON ABORIGINAL,60,353,87
2004/2005,ABORIGINAL,60,118,69.7
2004/2005,NON ABORIGINAL,60,353,83.8
2005/2006,ABORIGINAL,60,122,48
2005/2006,NON ABORIGINAL,60,373,83
2006/2007,ABORIGINAL,60,136,51.1
2006/2007,NON ABORIGINAL,60,404,75.1
2007/2008,ABORIGINAL,60,136,41.6
2007/2008,NON ABORIGINAL,60,380,71.6
2008/2009,ABORIGINAL,60,136,51.8
2008/2009,NON ABORIGINAL,60,410,78.6
2009/2010,ABORIGINAL,60,167,54.7
2009/2010,NON ABORIGINAL,60,384,71.4
2010/2011,ABORIGINAL,60,125,45
2010/2011,NON ABORIGINAL,60,434,74.5
2011/2012,ABORIGINAL,60,135,47.4
2011/2012,NON ABORIGINAL,60,424,75.1
2012/2013,ABORIGINAL,60,110,43.8
2012/2013,NON ABORIGINAL,60,428,78
2013/2014,ABORIGINAL,60,107,33.8
2013/2014,NON ABORIGINAL,60,427,74.6
2014/2015,ABORIGINAL,60,114,54.9
2014/2015,NON ABORIGINAL,60,443,70.8
1999/2000,ABORIGINAL,61,116,28.4
1999/2000,NON ABORIGINAL,61,1977,71.1
2000/2001,ABORIGINAL,61,144,29.7
2000/2001,NON ABORIGINAL,61,2032,72.3
2001/2002,ABORIGINAL,61,134,30.4
2001/2002,NON ABORIGINAL,61,2106,75.8
2002/2003,ABORIGINAL,61,140,34.7
2002/2003,NON ABORIGINAL,61,2026,76.3
2003/2004,ABORIGINAL,61,113,33.9
2003/2004,NON ABORIGINAL,61,2126,76.3
2004/2005,ABORIGINAL,61,140,37.4
2004/2005,NON ABORIGINAL,61,1750,79.1
2005/2006,ABORIGINAL,61,126,38.2
2005/2006,NON ABORIGINAL,61,1890,77.5
2006/2007,ABORIGINAL,61,142,36.7
2006/2007,NON ABORIGINAL,61,1964,77.5
2007/2008,ABORIGINAL,61,153,32.9
2007/2008,NON ABORIGINAL,61,1847,73.9
2008/2009,ABORIGINAL,61,132,36.5
2008/2009,NON ABORIGINAL,61,1948,73.5
2009/2010,ABORIGINAL,61,168,40.6
2009/2010,NON ABORIGINAL,61,1962,75.7
2010/2011,ABORIGINAL,61,153,48.8
2010/2011,NON ABORIGINAL,61,1881,78.2
2011/2012,ABORIGINAL,61,157,52.8
2011/2012,NON ABORIGINAL,61,1870,79.9
2012/2013,ABORIGINAL,61,148,50.9
2012/2013,NON ABORIGINAL,61,1908,87.1
2013/2014,ABORIGINAL,61,158,64.5
2013/2014,NON ABORIGINAL,61,1722,87.1
2014/2015,ABORIGINAL,61,162,57.3
2014/2015,NON ABORIGINAL,61,1517,90.6
1999/2000,ABORIGINAL,62,50,46.6
1999/2000,NON ABORIGINAL,62,642,64.4
2000/2001,ABORIGINAL,62,46,45.3
2000/2001,NON ABORIGINAL,62,628,66.8
2001/2002,ABORIGINAL,62,39,40.3
2001/2002,NON ABORIGINAL,62,649,63.2
2002/2003,ABORIGINAL,62,61,42.7
2002/2003,NON ABORIGINAL,62,689,71.6
2003/2004,ABORIGINAL,62,66,41.1
2003/2004,NON ABORIGINAL,62,714,70.5
2004/2005,ABORIGINAL,62,72,37.6
2004/2005,NON ABORIGINAL,62,622,68.9
2005/2006,ABORIGINAL,62,61,45.3
2005/2006,NON ABORIGINAL,62,717,72.2
2006/2007,ABORIGINAL,62,80,38.2
2006/2007,NON ABORIGINAL,62,757,72.5
2007/2008,ABORIGINAL,62,78,48.9
2007/2008,NON ABORIGINAL,62,747,73.1
2008/2009,ABORIGINAL,62,71,67.5
2008/2009,NON ABORIGINAL,62,763,69.5
2009/2010,ABORIGINAL,62,82,60.9
2009/2010,NON ABORIGINAL,62,719,72.9
2010/2011,ABORIGINAL,62,93,72.9
2010/2011,NON ABORIGINAL,62,769,76.2
2011/2012,ABORIGINAL,62,77,61.7
2011/2012,NON ABORIGINAL,62,722,74.6
2012/2013,ABORIGINAL,62,109,59.1
2012/2013,NON ABORIGINAL,62,709,75.4
2013/2014,ABORIGINAL,62,102,58.3
2013/2014,NON ABORIGINAL,62,675,75.9
2014/2015,ABORIGINAL,62,106,66.3
2014/2015,NON ABORIGINAL,62,678,75.9
1999/2000,ABORIGINAL,63,39,31.9
1999/2000,NON ABORIGINAL,63,714,78.8
2000/2001,ABORIGINAL,63,46,34.1
2000/2001,NON ABORIGINAL,63,751,79
2001/2002,ABORIGINAL,63,38,58.1
2001/2002,NON ABORIGINAL,63,747,81.1
2002/2003,ABORIGINAL,63,52,38.9
2002/2003,NON ABORIGINAL,63,780,85
2003/2004,ABORIGINAL,63,60,37.4
2003/2004,NON ABORIGINAL,63,885,81.6
2004/2005,ABORIGINAL,63,66,28.9
2004/2005,NON ABORIGINAL,63,820,74.3
2005/2006,ABORIGINAL,63,68,29.8
2005/2006,NON ABORIGINAL,63,960,74.7
2006/2007,ABORIGINAL,63,45,29.7
2006/2007,NON ABORIGINAL,63,911,80
2007/2008,ABORIGINAL,63,74,20.9
2007/2008,NON ABORIGINAL,63,974,75.4
2008/2009,ABORIGINAL,63,73,27.8
2008/2009,NON ABORIGINAL,63,1000,66.7
2009/2010,ABORIGINAL,63,82,28.2
2009/2010,NON ABORIGINAL,63,1029,69.6
2010/2011,ABORIGINAL,63,92,43.1
2010/2011,NON ABORIGINAL,63,980,71.1
2011/2012,ABORIGINAL,63,83,39.9
2011/2012,NON ABORIGINAL,63,1018,68
2012/2013,ABORIGINAL,63,69,50
2012/2013,NON ABORIGINAL,63,998,71
2013/2014,ABORIGINAL,63,65,51.2
2013/2014,NON ABORIGINAL,63,961,75
2014/2015,ABORIGINAL,63,81,27.1
2014/2015,NON ABORIGINAL,63,944,71.1
1999/2000,ABORIGINAL,64,-99999999,-99999999
1999/2000,NON ABORIGINAL,64,131,76.3
2000/2001,ABORIGINAL,64,-99999999,-99999999
2000/2001,NON ABORIGINAL,64,176,64.2
2001/2002,ABORIGINAL,64,-99999999,-99999999
2001/2002,NON ABORIGINAL,64,160,71.2
2002/2003,ABORIGINAL,64,-99999999,-99999999
2002/2003,NON ABORIGINAL,64,154,70.3
2003/2004,ABORIGINAL,64,-99999999,-99999999
2003/2004,NON ABORIGINAL,64,160,78.2
2004/2005,ABORIGINAL,64,10,44.4
2004/2005,NON ABORIGINAL,64,186,72.6
2005/2006,ABORIGINAL,64,-99999999,-99999999
2005/2006,NON ABORIGINAL,64,174,76.2
2006/2007,ABORIGINAL,64,-99999999,-99999999
2006/2007,NON ABORIGINAL,64,174,78.3
2007/2008,ABORIGINAL,64,-99999999,-99999999
2007/2008,NON ABORIGINAL,64,180,71.6
2008/2009,ABORIGINAL,64,-99999999,-99999999
2008/2009,NON ABORIGINAL,64,186,66.5
2009/2010,ABORIGINAL,64,-99999999,-99999999
2009/2010,NON ABORIGINAL,64,186,66.4
2010/2011,ABORIGINAL,64,18,57.6
2010/2011,NON ABORIGINAL,64,207,72.6
2011/2012,ABORIGINAL,64,-99999999,-99999999
2011/2012,NON ABORIGINAL,64,186,74.7
2012/2013,ABORIGINAL,64,-99999999,-99999999
2012/2013,NON ABORIGINAL,64,171,65.5
2013/2014,ABORIGINAL,64,10,77.2
2013/2014,NON ABORIGINAL,64,197,71.2
2014/2015,ABORIGINAL,64,22,58
2014/2015,NON ABORIGINAL,64,189,57.7
1999/2000,ABORIGINAL,67,30,27.2
1999/2000,NON ABORIGINAL,67,639,73.6
2000/2001,ABORIGINAL,67,32,25.2
2000/2001,NON ABORIGINAL,67,679,77.3
2001/2002,ABORIGINAL,67,53,50.2
2001/2002,NON ABORIGINAL,67,701,80.8
2002/2003,ABORIGINAL,67,49,49.9
2002/2003,NON ABORIGINAL,67,702,87.1
2003/2004,ABORIGINAL,67,42,51.4
2003/2004,NON ABORIGINAL,67,768,85
2004/2005,ABORIGINAL,67,60,64.7
2004/2005,NON ABORIGINAL,67,659,83.6
2005/2006,ABORIGINAL,67,60,59.3
2005/2006,NON ABORIGINAL,67,636,86.4
2006/2007,ABORIGINAL,67,60,56.1
2006/2007,NON ABORIGINAL,67,717,87.4
2007/2008,ABORIGINAL,67,49,49
2007/2008,NON ABORIGINAL,67,698,83.4
2008/2009,ABORIGINAL,67,83,48.2
2008/2009,NON ABORIGINAL,67,685,85.8
2009/2010,ABORIGINAL,67,62,60.2
2009/2010,NON ABORIGINAL,67,703,86.5
2010/2011,ABORIGINAL,67,78,60
2010/2011,NON ABORIGINAL,67,658,86.5
2011/2012,ABORIGINAL,67,84,66.1
2011/2012,NON ABORIGINAL,67,651,86.5
2012/2013,ABORIGINAL,67,91,62.2
2012/2013,NON ABORIGINAL,67,567,86.9
2013/2014,ABORIGINAL,67,86,62.9
2013/2014,NON ABORIGINAL,67,601,86.5
2014/2015,ABORIGINAL,67,89,68.1
2014/2015,NON ABORIGINAL,67,564,90
1999/2000,ABORIGINAL,68,135,28.9
1999/2000,NON ABORIGINAL,68,1272,76.6
2000/2001,ABORIGINAL,68,139,30.8
2000/2001,NON ABORIGINAL,68,1313,76.8
2001/2002,ABORIGINAL,68,125,37.9
2001/2002,NON ABORIGINAL,68,1295,79.3
2002/2003,ABORIGINAL,68,127,44.6
2002/2003,NON ABORIGINAL,68,1343,82.4
2003/2004,ABORIGINAL,68,153,47.7
2003/2004,NON ABORIGINAL,68,1305,78.8
2004/2005,ABORIGINAL,68,150,50
2004/2005,NON ABORIGINAL,68,1224,80.5
2005/2006,ABORIGINAL,68,161,53.5
2005/2006,NON ABORIGINAL,68,1345,77.7
2006/2007,ABORIGINAL,68,175,46.2
2006/2007,NON ABORIGINAL,68,1352,79.2
2007/2008,ABORIGINAL,68,188,44.1
2007/2008,NON ABORIGINAL,68,1333,76.2
2008/2009,ABORIGINAL,68,174,43.9
2008/2009,NON ABORIGINAL,68,1321,74.7
2009/2010,ABORIGINAL,68,209,43.1
2009/2010,NON ABORIGINAL,68,1432,71.9
2010/2011,ABORIGINAL,68,216,52.1
2010/2011,NON ABORIGINAL,68,1358,72.4
2011/2012,ABORIGINAL,68,204,49.9
2011/2012,NON ABORIGINAL,68,1351,74.9
2012/2013,ABORIGINAL,68,208,56.2
2012/2013,NON ABORIGINAL,68,1243,75
2013/2014,ABORIGINAL,68,213,63.9
2013/2014,NON ABORIGINAL,68,1218,74
2014/2015,ABORIGINAL,68,214,57.7
2014/2015,NON ABORIGINAL,68,1251,75.8
1999/2000,ABORIGINAL,69,38,32.1
1999/2000,NON ABORIGINAL,69,349,66.9
2000/2001,ABORIGINAL,69,58,59.5
2000/2001,NON ABORIGINAL,69,424,72.5
2001/2002,ABORIGINAL,69,60,47.8
2001/2002,NON ABORIGINAL,69,417,70.4
2002/2003,ABORIGINAL,69,49,43.3
2002/2003,NON ABORIGINAL,69,447,74.8
2003/2004,ABORIGINAL,69,63,47.1
2003/2004,NON ABORIGINAL,69,426,78.1
2004/2005,ABORIGINAL,69,37,55.8
2004/2005,NON ABORIGINAL,69,382,75.6
2005/2006,ABORIGINAL,69,49,58.9
2005/2006,NON ABORIGINAL,69,426,75.4
2006/2007,ABORIGINAL,69,41,44.8
2006/2007,NON ABORIGINAL,69,438,73.5
2007/2008,ABORIGINAL,69,56,59.7
2007/2008,NON ABORIGINAL,69,493,75.1
2008/2009,ABORIGINAL,69,49,64.3
2008/2009,NON ABORIGINAL,69,509,75
2009/2010,ABORIGINAL,69,52,63
2009/2010,NON ABORIGINAL,69,506,78.3
2010/2011,ABORIGINAL,69,54,66
2010/2011,NON ABORIGINAL,69,509,80.2
2011/2012,ABORIGINAL,69,51,66
2011/2012,NON ABORIGINAL,69,492,77.7
2012/2013,ABORIGINAL,69,58,64.1
2012/2013,NON ABORIGINAL,69,440,73.1
2013/2014,ABORIGINAL,69,48,69.1
2013/2014,NON ABORIGINAL,69,426,69
2014/2015,ABORIGINAL,69,43,63.4
2014/2015,NON ABORIGINAL,69,413,70.5
1999/2000,ABORIGINAL,70,77,22.5
1999/2000,NON ABORIGINAL,70,376,72.4
2000/2001,ABORIGINAL,70,79,21.3
2000/2001,NON ABORIGINAL,70,429,66.2
2001/2002,ABORIGINAL,70,103,29
2001/2002,NON ABORIGINAL,70,386,64.6
2002/2003,ABORIGINAL,70,96,42
2002/2003,NON ABORIGINAL,70,416,73.2
2003/2004,ABORIGINAL,70,98,39.8
2003/2004,NON ABORIGINAL,70,344,74.3
2004/2005,ABORIGINAL,70,92,39.8
2004/2005,NON ABORIGINAL,70,342,69.7
2005/2006,ABORIGINAL,70,97,35.2
2005/2006,NON ABORIGINAL,70,339,73.2
2006/2007,ABORIGINAL,70,113,30.2
2006/2007,NON ABORIGINAL,70,299,78.4
2007/2008,ABORIGINAL,70,133,34.2
2007/2008,NON ABORIGINAL,70,313,82.7
2008/2009,ABORIGINAL,70,111,20
2008/2009,NON ABORIGINAL,70,320,77.9
2009/2010,ABORIGINAL,70,122,33.6
2009/2010,NON ABORIGINAL,70,276,77.4
2010/2011,ABORIGINAL,70,120,34.2
2010/2011,NON ABORIGINAL,70,282,76.4
2011/2012,ABORIGINAL,70,112,41.4
2011/2012,NON ABORIGINAL,70,246,80.2
2012/2013,ABORIGINAL,70,111,39.4
2012/2013,NON ABORIGINAL,70,263,87.6
2013/2014,ABORIGINAL,70,115,41.7
2013/2014,NON ABORIGINAL,70,275,87.9
2014/2015,ABORIGINAL,70,117,57.6
2014/2015,NON ABORIGINAL,70,245,85.7
1999/2000,ABORIGINAL,71,51,59.2
1999/2000,NON ABORIGINAL,71,789,81.5
2000/2001,ABORIGINAL,71,68,67.9
2000/2001,NON ABORIGINAL,71,778,82
2001/2002,ABORIGINAL,71,82,67.3
2001/2002,NON ABORIGINAL,71,803,84.3
2002/2003,ABORIGINAL,71,77,62
2002/2003,NON ABORIGINAL,71,852,77
2003/2004,ABORIGINAL,71,83,45.2
2003/2004,NON ABORIGINAL,71,839,77.4
2004/2005,ABORIGINAL,71,90,59.2
2004/2005,NON ABORIGINAL,71,840,72.2
2005/2006,ABORIGINAL,71,91,63.8
2005/2006,NON ABORIGINAL,71,840,76.4
2006/2007,ABORIGINAL,71,117,59.1
2006/2007,NON ABORIGINAL,71,824,72.4
2007/2008,ABORIGINAL,71,125,48.6
2007/2008,NON ABORIGINAL,71,870,69.4
2008/2009,ABORIGINAL,71,127,42.2
2008/2009,NON ABORIGINAL,71,891,70.9
2009/2010,ABORIGINAL,71,118,56
2009/2010,NON ABORIGINAL,71,861,73.4
2010/2011,ABORIGINAL,71,113,55.7
2010/2011,NON ABORIGINAL,71,830,71.5
2011/2012,ABORIGINAL,71,129,73.3
2011/2012,NON ABORIGINAL,71,816,77.4
2012/2013,ABORIGINAL,71,143,66.6
2012/2013,NON ABORIGINAL,71,847,75.6
2013/2014,ABORIGINAL,71,110,57.9
2013/2014,NON ABORIGINAL,71,774,73.7
2014/2015,ABORIGINAL,71,139,68.2
2014/2015,NON ABORIGINAL,71,745,86.3
1999/2000,ABORIGINAL,72,73,48.1
1999/2000,NON ABORIGINAL,72,536,80
2000/2001,ABORIGINAL,72,74,40.2
2000/2001,NON ABORIGINAL,72,620,80.8
2001/2002,ABORIGINAL,72,82,50.3
2001/2002,NON ABORIGINAL,72,575,78.2
2002/2003,ABORIGINAL,72,75,34.1
2002/2003,NON ABORIGINAL,72,582,81.4
2003/2004,ABORIGINAL,72,85,56.6
2003/2004,NON ABORIGINAL,72,551,81.9
2004/2005,ABORIGINAL,72,81,47.7
2004/2005,NON ABORIGINAL,72,542,81.2
2005/2006,ABORIGINAL,72,77,50.3
2005/2006,NON ABORIGINAL,72,458,80.5
2006/2007,ABORIGINAL,72,84,56.7
2006/2007,NON ABORIGINAL,72,503,86.4
2007/2008,ABORIGINAL,72,100,52.7
2007/2008,NON ABORIGINAL,72,499,85.9
2008/2009,ABORIGINAL,72,91,49.9
2008/2009,NON ABORIGINAL,72,519,78.8
2009/2010,ABORIGINAL,72,93,56.2
2009/2010,NON ABORIGINAL,72,455,84.2
2010/2011,ABORIGINAL,72,82,50.1
2010/2011,NON ABORIGINAL,72,455,87.6
2011/2012,ABORIGINAL,72,104,71.9
2011/2012,NON ABORIGINAL,72,399,85.1
2012/2013,ABORIGINAL,72,113,62
2012/2013,NON ABORIGINAL,72,397,88.4
2013/2014,ABORIGINAL,72,113,64.3
2013/2014,NON ABORIGINAL,72,406,87.1
2014/2015,ABORIGINAL,72,108,50.6
2014/2015,NON ABORIGINAL,72,407,80.7
1999/2000,ABORIGINAL,73,166,50.2
1999/2000,NON ABORIGINAL,73,1386,76.6
2000/2001,ABORIGINAL,73,186,42.6
2000/2001,NON ABORIGINAL,73,1455,79.7
2001/2002,ABORIGINAL,73,188,41
2001/2002,NON ABORIGINAL,73,1448,80.8
2002/2003,ABORIGINAL,73,191,53.9
2002/2003,NON ABORIGINAL,73,1450,82.1
2003/2004,ABORIGINAL,73,188,53.4
2003/2004,NON ABORIGINAL,73,1365,81.7
2004/2005,ABORIGINAL,73,221,46.1
2004/2005,NON ABORIGINAL,73,1253,81.2
2005/2006,ABORIGINAL,73,256,48.3
2005/2006,NON ABORIGINAL,73,1234,84.6
2006/2007,ABORIGINAL,73,217,54.2
2006/2007,NON ABORIGINAL,73,1290,81.9
2007/2008,ABORIGINAL,73,243,50.2
2007/2008,NON ABORIGINAL,73,1291,80.3
2008/2009,ABORIGINAL,73,264,57.3
2008/2009,NON ABORIGINAL,73,1270,79.1
2009/2010,ABORIGINAL,73,243,54.9
2009/2010,NON ABORIGINAL,73,1325,79.9
2010/2011,ABORIGINAL,73,235,64.4
2010/2011,NON ABORIGINAL,73,1250,78
2011/2012,ABORIGINAL,73,269,69
2011/2012,NON ABORIGINAL,73,1216,79.8
2012/2013,ABORIGINAL,73,276,66.7
2012/2013,NON ABORIGINAL,73,1167,81.1
2013/2014,ABORIGINAL,73,270,68.7
2013/2014,NON ABORIGINAL,73,1157,86.1
2014/2015,ABORIGINAL,73,264,73
2014/2015,NON ABORIGINAL,73,1144,84.1
1999/2000,ABORIGINAL,74,86,54.6
1999/2000,NON ABORIGINAL,74,108,77.5
2000/2001,ABORIGINAL,74,92,49.7
2000/2001,NON ABORIGINAL,74,110,63.8
2001/2002,ABORIGINAL,74,96,45.7
2001/2002,NON ABORIGINAL,74,121,63
2002/2003,ABORIGINAL,74,86,65.1
2002/2003,NON ABORIGINAL,74,125,62.1
2003/2004,ABORIGINAL,74,79,47.2
2003/2004,NON ABORIGINAL,74,105,61.6
2004/2005,ABORIGINAL,74,81,47.5
2004/2005,NON ABORIGINAL,74,72,73.8
2005/2006,ABORIGINAL,74,79,54.2
2005/2006,NON ABORIGINAL,74,74,65.4
2006/2007,ABORIGINAL,74,87,47.6
2006/2007,NON ABORIGINAL,74,76,83.8
2007/2008,ABORIGINAL,74,102,46.2
2007/2008,NON ABORIGINAL,74,82,84.6
2008/2009,ABORIGINAL,74,84,47.4
2008/2009,NON ABORIGINAL,74,82,67.9
2009/2010,ABORIGINAL,74,82,66
2009/2010,NON ABORIGINAL,74,50,71
2010/2011,ABORIGINAL,74,79,53.9
2010/2011,NON ABORIGINAL,74,54,66.5
2011/2012,ABORIGINAL,74,60,44.5
2011/2012,NON ABORIGINAL,74,52,92.2
2012/2013,ABORIGINAL,74,86,66
2012/2013,NON ABORIGINAL,74,54,93.8
2013/2014,ABORIGINAL,74,64,60.5
2013/2014,NON ABORIGINAL,74,43,77.6
2014/2015,ABORIGINAL,74,62,74.9
2014/2015,NON ABORIGINAL,74,43,90.2
1999/2000,ABORIGINAL,75,57,30.9
1999/2000,NON ABORIGINAL,75,464,70.5
2000/2001,ABORIGINAL,75,63,45.3
2000/2001,NON ABORIGINAL,75,501,70.8
2001/2002,ABORIGINAL,75,78,43.9
2001/2002,NON ABORIGINAL,75,413,72.7
2002/2003,ABORIGINAL,75,64,43.6
2002/2003,NON ABORIGINAL,75,487,74.3
2003/2004,ABORIGINAL,75,62,33.3
2003/2004,NON ABORIGINAL,75,492,79.2
2004/2005,ABORIGINAL,75,81,48.6
2004/2005,NON ABORIGINAL,75,560,76.5
2005/2006,ABORIGINAL,75,83,59.8
2005/2006,NON ABORIGINAL,75,525,80.4
2006/2007,ABORIGINAL,75,70,50.3
2006/2007,NON ABORIGINAL,75,539,82.8
2007/2008,ABORIGINAL,75,88,59.3
2007/2008,NON ABORIGINAL,75,476,81.1
2008/2009,ABORIGINAL,75,95,52.9
2008/2009,NON ABORIGINAL,75,528,82
2009/2010,ABORIGINAL,75,76,63.9
2009/2010,NON ABORIGINAL,75,525,82.4
2010/2011,ABORIGINAL,75,105,58.1
2010/2011,NON ABORIGINAL,75,573,80.5
2011/2012,ABORIGINAL,75,78,57.3
2011/2012,NON ABORIGINAL,75,501,80.6
2012/2013,ABORIGINAL,75,103,68.1
2012/2013,NON ABORIGINAL,75,509,78.7
2013/2014,ABORIGINAL,75,81,73.8
2013/2014,NON ABORIGINAL,75,464,80.4
2014/2015,ABORIGINAL,75,56,66.6
2014/2015,NON ABORIGINAL,75,498,80.1
1999/2000,ABORIGINAL,78,55,42.7
1999/2000,NON ABORIGINAL,78,142,72.2
2000/2001,ABORIGINAL,78,52,63.3
2000/2001,NON ABORIGINAL,78,166,73.1
2001/2002,ABORIGINAL,78,56,52
2001/2002,NON ABORIGINAL,78,152,85.2
2002/2003,ABORIGINAL,78,47,41.2
2002/2003,NON ABORIGINAL,78,173,83.2
2003/2004,ABORIGINAL,78,61,52
2003/2004,NON ABORIGINAL,78,154,83
2004/2005,ABORIGINAL,78,43,47.3
2004/2005,NON ABORIGINAL,78,137,76.5
2005/2006,ABORIGINAL,78,57,43.6
2005/2006,NON ABORIGINAL,78,133,85.8
2006/2007,ABORIGINAL,78,58,41.3
2006/2007,NON ABORIGINAL,78,142,85.5
2007/2008,ABORIGINAL,78,58,38.7
2007/2008,NON ABORIGINAL,78,115,85.1
2008/2009,ABORIGINAL,78,64,41.1
2008/2009,NON ABORIGINAL,78,168,71.5
2009/2010,ABORIGINAL,78,55,52.6
2009/2010,NON ABORIGINAL,78,120,78
2010/2011,ABORIGINAL,78,71,50
2010/2011,NON ABORIGINAL,78,138,85.7
2011/2012,ABORIGINAL,78,61,64.9
2011/2012,NON ABORIGINAL,78,121,77.2
2012/2013,ABORIGINAL,78,61,67.9
2012/2013,NON ABORIGINAL,78,108,79.8
2013/2014,ABORIGINAL,78,51,63.6
2013/2014,NON ABORIGINAL,78,100,79.8
2014/2015,ABORIGINAL,78,50,48.4
2014/2015,NON ABORIGINAL,78,109,77.9
1999/2000,ABORIGINAL,79,100,22
1999/2000,NON ABORIGINAL,79,691,72.8
2000/2001,ABORIGINAL,79,109,25.3
2000/2001,NON ABORIGINAL,79,780,72.2
2001/2002,ABORIGINAL,79,105,33.4
2001/2002,NON ABORIGINAL,79,832,72.8
2002/2003,ABORIGINAL,79,144,38.8
2002/2003,NON ABORIGINAL,79,750,76
2003/2004,ABORIGINAL,79,114,34.9
2003/2004,NON ABORIGINAL,79,749,75.8
2004/2005,ABORIGINAL,79,141,36.6
2004/2005,NON ABORIGINAL,79,734,77.4
2005/2006,ABORIGINAL,79,123,41
2005/2006,NON ABORIGINAL,79,748,76.1
2006/2007,ABORIGINAL,79,147,31.2
2006/2007,NON ABORIGINAL,79,798,76.7
2007/2008,ABORIGINAL,79,140,35.2
2007/2008,NON ABORIGINAL,79,792,78.2
2008/2009,ABORIGINAL,79,125,34.2
2008/2009,NON ABORIGINAL,79,822,75.6
2009/2010,ABORIGINAL,79,123,35.6
2009/2010,NON ABORIGINAL,79,780,80.9
2010/2011,ABORIGINAL,79,134,55.1
2010/2011,NON ABORIGINAL,79,693,81.9
2011/2012,ABORIGINAL,79,139,43.5
2011/2012,NON ABORIGINAL,79,713,83.3
2012/2013,ABORIGINAL,79,138,57
2012/2013,NON ABORIGINAL,79,625,85.5
2013/2014,ABORIGINAL,79,142,54.4
2013/2014,NON ABORIGINAL,79,638,83.1
2014/2015,ABORIGINAL,79,145,53.3
2014/2015,NON ABORIGINAL,79,577,82.2
1999/2000,ABORIGINAL,81,35,45.8
1999/2000,NON ABORIGINAL,81,79,63.2
2000/2001,ABORIGINAL,81,40,49.6
2000/2001,NON ABORIGINAL,81,77,87.9
2001/2002,ABORIGINAL,81,44,49.3
2001/2002,NON ABORIGINAL,81,67,78.3
2002/2003,ABORIGINAL,81,42,50
2002/2003,NON ABORIGINAL,81,74,76.8
2003/2004,ABORIGINAL,81,50,40.7
2003/2004,NON ABORIGINAL,81,83,58.6
2004/2005,ABORIGINAL,81,41,59.9
2004/2005,NON ABORIGINAL,81,64,80.3
2005/2006,ABORIGINAL,81,47,41.1
2005/2006,NON ABORIGINAL,81,59,78
2006/2007,ABORIGINAL,81,35,88.9
2006/2007,NON ABORIGINAL,81,56,76.2
2007/2008,ABORIGINAL,81,39,49.7
2007/2008,NON ABORIGINAL,81,80,66.4
2008/2009,ABORIGINAL,81,35,51.1
2008/2009,NON ABORIGINAL,81,69,80.8
2009/2010,ABORIGINAL,81,27,55.2
2009/2010,NON ABORIGINAL,81,58,63.3
2010/2011,ABORIGINAL,81,39,100
2010/2011,NON ABORIGINAL,81,54,88.8
2011/2012,ABORIGINAL,81,28,71
2011/2012,NON ABORIGINAL,81,56,94.2
2012/2013,ABORIGINAL,81,35,87.1
2012/2013,NON ABORIGINAL,81,66,88.7
2013/2014,ABORIGINAL,81,46,100
2013/2014,NON ABORIGINAL,81,42,98.4
2014/2015,ABORIGINAL,81,32,81
2014/2015,NON ABORIGINAL,81,57,96.6
1999/2000,ABORIGINAL,82,168,39.1
1999/2000,NON ABORIGINAL,82,466,79
2000/2001,ABORIGINAL,82,167,41.8
2000/2001,NON ABORIGINAL,82,497,81.3
2001/2002,ABORIGINAL,82,198,39.2
2001/2002,NON ABORIGINAL,82,474,82.7
2002/2003,ABORIGINAL,82,181,51.4
2002/2003,NON ABORIGINAL,82,433,84
2003/2004,ABORIGINAL,82,196,42.3
2003/2004,NON ABORIGINAL,82,469,83.5
2004/2005,ABORIGINAL,82,188,55.6
2004/2005,NON ABORIGINAL,82,395,82.9
2005/2006,ABORIGINAL,82,197,45.7
2005/2006,NON ABORIGINAL,82,395,85
2006/2007,ABORIGINAL,82,193,44.4
2006/2007,NON ABORIGINAL,82,402,85.4
2007/2008,ABORIGINAL,82,217,44.3
2007/2008,NON ABORIGINAL,82,388,81.2
2008/2009,ABORIGINAL,82,226,42.9
2008/2009,NON ABORIGINAL,82,359,78.8
2009/2010,ABORIGINAL,82,227,49.4
2009/2010,NON ABORIGINAL,82,393,82.8
2010/2011,ABORIGINAL,82,209,45.8
2010/2011,NON ABORIGINAL,82,324,85
2011/2012,ABORIGINAL,82,211,50.1
2011/2012,NON ABORIGINAL,82,295,82
2012/2013,ABORIGINAL,82,237,42.1
2012/2013,NON ABORIGINAL,82,347,84.6
2013/2014,ABORIGINAL,82,187,43.7
2013/2014,NON ABORIGINAL,82,292,78.7
2014/2015,ABORIGINAL,82,221,62.2
2014/2015,NON ABORIGINAL,82,284,85.3
1999/2000,ABORIGINAL,83,55,48.7
1999/2000,NON ABORIGINAL,83,700,78.3
2000/2001,ABORIGINAL,83,56,61.6
2000/2001,NON ABORIGINAL,83,715,82.4
2001/2002,ABORIGINAL,83,54,61
2001/2002,NON ABORIGINAL,83,746,81.3
2002/2003,ABORIGINAL,83,69,51.3
2002/2003,NON ABORIGINAL,83,743,87.5
2003/2004,ABORIGINAL,83,77,59.5
2003/2004,NON ABORIGINAL,83,756,82.4
2004/2005,ABORIGINAL,83,79,60
2004/2005,NON ABORIGINAL,83,666,83.1
2005/2006,ABORIGINAL,83,79,64.2
2005/2006,NON ABORIGINAL,83,653,85.9
2006/2007,ABORIGINAL,83,107,59.4
2006/2007,NON ABORIGINAL,83,667,85.8
2007/2008,ABORIGINAL,83,113,54.9
2007/2008,NON ABORIGINAL,83,635,82.6
2008/2009,ABORIGINAL,83,112,54
2008/2009,NON ABORIGINAL,83,624,81.5
2009/2010,ABORIGINAL,83,117,64.3
2009/2010,NON ABORIGINAL,83,643,82
2010/2011,ABORIGINAL,83,120,60.9
2010/2011,NON ABORIGINAL,83,609,82
2011/2012,ABORIGINAL,83,141,70.5
2011/2012,NON ABORIGINAL,83,534,86.8
2012/2013,ABORIGINAL,83,104,66.4
2012/2013,NON ABORIGINAL,83,585,89.6
2013/2014,ABORIGINAL,83,111,69.3
2013/2014,NON ABORIGINAL,83,538,90.1
2014/2015,ABORIGINAL,83,103,63.6
2014/2015,NON ABORIGINAL,83,474,90.1
1999/2000,ABORIGINAL,84,10,33.7
1999/2000,NON ABORIGINAL,84,43,90.8
2000/2001,ABORIGINAL,84,10,0
2000/2001,NON ABORIGINAL,84,31,60.2
2001/2002,ABORIGINAL,84,11,20
2001/2002,NON ABORIGINAL,84,37,68.5
2002/2003,ABORIGINAL,84,12,36.4
2002/2003,NON ABORIGINAL,84,33,74.5
2003/2004,ABORIGINAL,84,14,23.2
2003/2004,NON ABORIGINAL,84,28,81.8
2004/2005,ABORIGINAL,84,14,23.8
2004/2005,NON ABORIGINAL,84,20,83.2
2005/2006,ABORIGINAL,84,19,51.9
2005/2006,NON ABORIGINAL,84,29,81.1
2006/2007,ABORIGINAL,84,12,44.6
2006/2007,NON ABORIGINAL,84,23,69.3
2007/2008,ABORIGINAL,84,13,49.3
2007/2008,NON ABORIGINAL,84,22,69.2
2008/2009,ABORIGINAL,84,26,35
2008/2009,NON ABORIGINAL,84,24,100
2009/2010,ABORIGINAL,84,17,13.2
2009/2010,NON ABORIGINAL,84,23,69.9
2010/2011,ABORIGINAL,84,20,21.4
2010/2011,NON ABORIGINAL,84,21,82
2011/2012,ABORIGINAL,84,12,18.2
2011/2012,NON ABORIGINAL,84,-99999999,-99999999
2012/2013,ABORIGINAL,84,16,33.5
2012/2013,NON ABORIGINAL,84,17,94.2
2013/2014,ABORIGINAL,84,18,72.8
2013/2014,NON ABORIGINAL,84,15,91.8
2014/2015,ABORIGINAL,84,-99999999,-99999999
2014/2015,NON ABORIGINAL,84,13,100
1999/2000,ABORIGINAL,85,88,28.7
1999/2000,NON ABORIGINAL,85,159,81.9
2000/2001,ABORIGINAL,85,66,38.6
2000/2001,NON ABORIGINAL,85,160,75.6
2001/2002,ABORIGINAL,85,55,53.8
2001/2002,NON ABORIGINAL,85,168,75
2002/2003,ABORIGINAL,85,59,38.8
2002/2003,NON ABORIGINAL,85,138,84.6
2003/2004,ABORIGINAL,85,75,60.5
2003/2004,NON ABORIGINAL,85,142,87.4
2004/2005,ABORIGINAL,85,62,48
2004/2005,NON ABORIGINAL,85,156,83.9
2005/2006,ABORIGINAL,85,58,50.1
2005/2006,NON ABORIGINAL,85,137,86.8
2006/2007,ABORIGINAL,85,51,55.2
2006/2007,NON ABORIGINAL,85,122,87.3
2007/2008,ABORIGINAL,85,60,57.7
2007/2008,NON ABORIGINAL,85,104,79
2008/2009,ABORIGINAL,85,63,56.9
2008/2009,NON ABORIGINAL,85,120,84.2
2009/2010,ABORIGINAL,85,57,49.8
2009/2010,NON ABORIGINAL,85,101,76.7
2010/2011,ABORIGINAL,85,43,61.7
2010/2011,NON ABORIGINAL,85,106,90.9
2011/2012,ABORIGINAL,85,48,47
2011/2012,NON ABORIGINAL,85,94,89
2012/2013,ABORIGINAL,85,41,71
2012/2013,NON ABORIGINAL,85,79,88.8
2013/2014,ABORIGINAL,85,45,46
2013/2014,NON ABORIGINAL,85,75,90.8
2014/2015,ABORIGINAL,85,63,48.7
2014/2015,NON ABORIGINAL,85,91,92.8
1999/2000,ABORIGINAL,87,21,32.7
1999/2000,NON ABORIGINAL,87,-99999999,-99999999
2000/2001,ABORIGINAL,87,15,24
2000/2001,NON ABORIGINAL,87,-99999999,-99999999
2001/2002,ABORIGINAL,87,23,26.5
2001/2002,NON ABORIGINAL,87,-99999999,-99999999
2002/2003,ABORIGINAL,87,18,14.5
2002/2003,NON ABORIGINAL,87,10,53.5
2003/2004,ABORIGINAL,87,22,40.1
2003/2004,NON ABORIGINAL,87,-99999999,-99999999
2004/2005,ABORIGINAL,87,10,51.9
2004/2005,NON ABORIGINAL,87,-99999999,-99999999
2005/2006,ABORIGINAL,87,20,63.1
2005/2006,NON ABORIGINAL,87,-99999999,-99999999
2006/2007,ABORIGINAL,87,13,46.9
2006/2007,NON ABORIGINAL,87,-99999999,-99999999
2007/2008,ABORIGINAL,87,24,26.3
2007/2008,NON ABORIGINAL,87,11,56.8
2008/2009,ABORIGINAL,87,17,29.9
2008/2009,NON ABORIGINAL,87,-99999999,-99999999
2009/2010,ABORIGINAL,87,15,37.8
2009/2010,NON ABORIGINAL,87,-99999999,-99999999
2010/2011,ABORIGINAL,87,15,39.3
2010/2011,NON ABORIGINAL,87,-99999999,-99999999
2011/2012,ABORIGINAL,87,14,37.2
2011/2012,NON ABORIGINAL,87,-99999999,-99999999
2012/2013,ABORIGINAL,87,15,24.8
2012/2013,NON ABORIGINAL,87,-99999999,-99999999
2013/2014,ABORIGINAL,87,19,49.4
2013/2014,NON ABORIGINAL,87,-99999999,-99999999
2014/2015,ABORIGINAL,87,10,40.4
2014/2015,NON ABORIGINAL,87,-99999999,-99999999
1999/2000,ABORIGINAL,91,121,34
1999/2000,NON ABORIGINAL,91,332,70.8
2000/2001,ABORIGINAL,91,120,38.6
2000/2001,NON ABORIGINAL,91,329,78.7
2001/2002,ABORIGINAL,91,147,39.6
2001/2002,NON ABORIGINAL,91,295,79.9
2002/2003,ABORIGINAL,91,110,39.6
2002/2003,NON ABORIGINAL,91,340,74.7
2003/2004,ABORIGINAL,91,133,51.1
2003/2004,NON ABORIGINAL,91,287,78.4
2004/2005,ABORIGINAL,91,128,42.8
2004/2005,NON ABORIGINAL,91,275,72.6
2005/2006,ABORIGINAL,91,130,41
2005/2006,NON ABORIGINAL,91,283,76.5
2006/2007,ABORIGINAL,91,138,42.3
2006/2007,NON ABORIGINAL,91,265,79.7
2007/2008,ABORIGINAL,91,121,49
2007/2008,NON ABORIGINAL,91,313,74.9
2008/2009,ABORIGINAL,91,155,52.6
2008/2009,NON ABORIGINAL,91,316,76.3
2009/2010,ABORIGINAL,91,155,46.8
2009/2010,NON ABORIGINAL,91,283,74.9
2010/2011,ABORIGINAL,91,141,47.1
2010/2011,NON ABORIGINAL,91,301,78.8
2011/2012,ABORIGINAL,91,158,51.1
2011/2012,NON ABORIGINAL,91,317,78.8
2012/2013,ABORIGINAL,91,140,56.6
2012/2013,NON ABORIGINAL,91,312,78.9
2013/2014,ABORIGINAL,91,140,48.8
2013/2014,NON ABORIGINAL,91,282,69.4
2014/2015,ABORIGINAL,91,157,61.6
2014/2015,NON ABORIGINAL,91,355,70
1999/2000,ABORIGINAL,92,40,56.2
1999/2000,NON ABORIGINAL,92,-99999999,-99999999
2000/2001,ABORIGINAL,92,44,42.7
2000/2001,NON ABORIGINAL,92,-99999999,-99999999
2001/2002,ABORIGINAL,92,55,43.2
2002/2003,ABORIGINAL,92,47,64.6
2002/2003,NON ABORIGINAL,92,-99999999,-99999999
2003/2004,ABORIGINAL,92,32,52.1
2003/2004,NON ABORIGINAL,92,-99999999,-99999999
2004/2005,ABORIGINAL,92,29,61.6
2004/2005,NON ABORIGINAL,92,-99999999,-99999999
2005/2006,ABORIGINAL,92,40,55.3
2006/2007,ABORIGINAL,92,40,59.4
2006/2007,NON ABORIGINAL,92,-99999999,-99999999
2007/2008,ABORIGINAL,92,39,41.4
2008/2009,ABORIGINAL,92,45,61.8
2009/2010,ABORIGINAL,92,31,33.7
2009/2010,NON ABORIGINAL,92,-99999999,-99999999
2010/2011,ABORIGINAL,92,40,20.6
2011/2012,ABORIGINAL,92,32,34.9
2012/2013,ABORIGINAL,92,32,29.2
2013/2014,ABORIGINAL,92,34,41.6
2014/2015,ABORIGINAL,92,32,26.3
1999/2000,ABORIGINAL,93,-99999999,-99999999
1999/2000,NON ABORIGINAL,93,107,100
2000/2001,ABORIGINAL,93,-99999999,-99999999
2000/2001,NON ABORIGINAL,93,94,99.1
2001/2002,ABORIGINAL,93,-99999999,-99999999
2001/2002,NON ABORIGINAL,93,106,93.4
2002/2003,ABORIGINAL,93,-99999999,-99999999
2002/2003,NON ABORIGINAL,93,107,85.4
2003/2004,ABORIGINAL,93,-99999999,-99999999
2003/2004,NON ABORIGINAL,93,112,93.9
2004/2005,ABORIGINAL,93,10,61.7
2004/2005,NON ABORIGINAL,93,111,84
2005/2006,ABORIGINAL,93,-99999999,-99999999
2005/2006,NON ABORIGINAL,93,104,92
2006/2007,ABORIGINAL,93,-99999999,-99999999
2006/2007,NON ABORIGINAL,93,125,91.7
2007/2008,ABORIGINAL,93,-99999999,-99999999
2007/2008,NON ABORIGINAL,93,135,80.7
2008/2009,ABORIGINAL,93,10,100
2008/2009,NON ABORIGINAL,93,115,82.9
2009/2010,ABORIGINAL,93,10,71
2009/2010,NON ABORIGINAL,93,170,87.9
2010/2011,ABORIGINAL,93,16,86.7
2010/2011,NON ABORIGINAL,93,129,80.4
2011/2012,ABORIGINAL,93,14,94.4
2011/2012,NON ABORIGINAL,93,150,87.6
2012/2013,ABORIGINAL,93,17,84.3
2012/2013,NON ABORIGINAL,93,141,96.7
2013/2014,ABORIGINAL,93,23,100
2013/2014,NON ABORIGINAL,93,141,91.7
2014/2015,ABORIGINAL,93,20,91.9
2014/2015,NON ABORIGINAL,93,174,87.9
